"ITTER107","Territorio","TIPO_DATO_FOL","Tipo dato","SEXISTAT1","Sesso","ETA1","Classe di età","T_BIS","Edizione","TIME","Seleziona periodo","Value","Flag Codes","Flags"
"IT","Italia","INAC","inattivi (migliaia)","9","totale","Y_GE15","15 anni e più","2019M6G13","13-Giu-2019","2019-Q1","T1-2019",26086.53,,
"IT","Italia","INAC","inattivi (migliaia)","9","totale","Y15-24","15-24 anni","2019M6G13","13-Giu-2019","2019-Q1","T1-2019",4324.663,,
"IT","Italia","INAC","inattivi (migliaia)","9","totale","Y25-34","25-34 anni","2019M6G13","13-Giu-2019","2019-Q1","T1-2019",1744.02,,
"IT","Italia","INAC","inattivi (migliaia)","9","totale","Y50-64","50-64 anni","2019M6G13","13-Giu-2019","2019-Q1","T1-2019",4633.209,,
"IT","Italia","INAC","inattivi (migliaia)","9","totale","Y15-34","15-34 anni","2019M6G13","13-Giu-2019","2019-Q1","T1-2019",6068.683,,
"IT","Italia","INAC","inattivi (migliaia)","1","maschi","Y15-64","15-64 anni","2019M6G13","13-Giu-2019","2019-Q1","T1-2019",4803.557,,
"IT","Italia","INAC","inattivi (migliaia)","2","femmine","Y15-64","15-64 anni","2019M6G13","13-Giu-2019","2019-Q1","T1-2019",8409.649,,
"IT","Italia","INAC","inattivi (migliaia)","9","totale","Y15-64","15-64 anni","2019M6G13","13-Giu-2019","2019-Q1","T1-2019",13213.206,,
"IT","Italia","INAC","inattivi (migliaia)","9","totale","Y_GE50","50 anni e più","2019M6G13","13-Giu-2019","2019-Q1","T1-2019",17506.533,,
"IT","Italia","INAC","inattivi (migliaia)","9","totale","Y35-49","35-49 anni","2019M6G13","13-Giu-2019","2019-Q1","T1-2019",2511.313,,
"IT","Italia","INAC","inattivi (migliaia)","9","totale","Y_GE15","15 anni e più","2019M9G12","12-Set-2019","2019-Q1","T1-2019",26074.633,,
"IT","Italia","INAC","inattivi (migliaia)","9","totale","Y_GE15","15 anni e più","2019M9G12","12-Set-2019","2019-Q2","T2-2019",26044.581,,
"IT","Italia","INAC","inattivi (migliaia)","9","totale","Y15-24","15-24 anni","2019M9G12","12-Set-2019","2019-Q1","T1-2019",4328.112,,
"IT","Italia","INAC","inattivi (migliaia)","9","totale","Y15-24","15-24 anni","2019M9G12","12-Set-2019","2019-Q2","T2-2019",4319.543,,
"IT","Italia","INAC","inattivi (migliaia)","9","totale","Y25-34","25-34 anni","2019M9G12","12-Set-2019","2019-Q1","T1-2019",1743.769,,
"IT","Italia","INAC","inattivi (migliaia)","9","totale","Y25-34","25-34 anni","2019M9G12","12-Set-2019","2019-Q2","T2-2019",1742.362,,
"IT","Italia","INAC","inattivi (migliaia)","9","totale","Y50-64","50-64 anni","2019M9G12","12-Set-2019","2019-Q1","T1-2019",4630.358,,
"IT","Italia","INAC","inattivi (migliaia)","9","totale","Y50-64","50-64 anni","2019M9G12","12-Set-2019","2019-Q2","T2-2019",4619.346,,
"IT","Italia","INAC","inattivi (migliaia)","9","totale","Y15-34","15-34 anni","2019M9G12","12-Set-2019","2019-Q1","T1-2019",6071.881,,
"IT","Italia","INAC","inattivi (migliaia)","9","totale","Y15-34","15-34 anni","2019M9G12","12-Set-2019","2019-Q2","T2-2019",6061.905,,
"IT","Italia","INAC","inattivi (migliaia)","1","maschi","Y15-64","15-64 anni","2019M9G12","12-Set-2019","2019-Q1","T1-2019",4795.607,,
"IT","Italia","INAC","inattivi (migliaia)","1","maschi","Y15-64","15-64 anni","2019M9G12","12-Set-2019","2019-Q2","T2-2019",4774.256,,
"IT","Italia","INAC","inattivi (migliaia)","2","femmine","Y15-64","15-64 anni","2019M9G12","12-Set-2019","2019-Q1","T1-2019",8416.059,,
"IT","Italia","INAC","inattivi (migliaia)","2","femmine","Y15-64","15-64 anni","2019M9G12","12-Set-2019","2019-Q2","T2-2019",8404.758,,
"IT","Italia","INAC","inattivi (migliaia)","9","totale","Y15-64","15-64 anni","2019M9G12","12-Set-2019","2019-Q1","T1-2019",13211.666,,
"IT","Italia","INAC","inattivi (migliaia)","9","totale","Y15-64","15-64 anni","2019M9G12","12-Set-2019","2019-Q2","T2-2019",13179.014,,
"IT","Italia","INAC","inattivi (migliaia)","9","totale","Y_GE50","50 anni e più","2019M9G12","12-Set-2019","2019-Q1","T1-2019",17493.325,,
"IT","Italia","INAC","inattivi (migliaia)","9","totale","Y_GE50","50 anni e più","2019M9G12","12-Set-2019","2019-Q2","T2-2019",17484.913,,
"IT","Italia","INAC","inattivi (migliaia)","9","totale","Y35-49","35-49 anni","2019M9G12","12-Set-2019","2019-Q1","T1-2019",2509.428,,
"IT","Italia","INAC","inattivi (migliaia)","9","totale","Y35-49","35-49 anni","2019M9G12","12-Set-2019","2019-Q2","T2-2019",2497.762,,
"IT","Italia","INAC","inattivi (migliaia)","9","totale","Y_GE15","15 anni e più","2019M12G12","12-Dic-2019","2019-Q1","T1-2019",26076.986,,
"IT","Italia","INAC","inattivi (migliaia)","9","totale","Y_GE15","15 anni e più","2019M12G12","12-Dic-2019","2019-Q2","T2-2019",26043.108,,
"IT","Italia","INAC","inattivi (migliaia)","9","totale","Y_GE15","15 anni e più","2019M12G12","12-Dic-2019","2019-Q3","T3-2019",26032.494,,
"IT","Italia","INAC","inattivi (migliaia)","9","totale","Y15-24","15-24 anni","2019M12G12","12-Dic-2019","2019-Q1","T1-2019",4330.314,,
"IT","Italia","INAC","inattivi (migliaia)","9","totale","Y15-24","15-24 anni","2019M12G12","12-Dic-2019","2019-Q2","T2-2019",4324.02,,
"IT","Italia","INAC","inattivi (migliaia)","9","totale","Y15-24","15-24 anni","2019M12G12","12-Dic-2019","2019-Q3","T3-2019",4337.276,,
"IT","Italia","INAC","inattivi (migliaia)","9","totale","Y25-34","25-34 anni","2019M12G12","12-Dic-2019","2019-Q1","T1-2019",1746.848,,
"IT","Italia","INAC","inattivi (migliaia)","9","totale","Y25-34","25-34 anni","2019M12G12","12-Dic-2019","2019-Q2","T2-2019",1749.471,,
"IT","Italia","INAC","inattivi (migliaia)","9","totale","Y25-34","25-34 anni","2019M12G12","12-Dic-2019","2019-Q3","T3-2019",1744.083,,
"IT","Italia","INAC","inattivi (migliaia)","9","totale","Y50-64","50-64 anni","2019M12G12","12-Dic-2019","2019-Q1","T1-2019",4630.84,,
"IT","Italia","INAC","inattivi (migliaia)","9","totale","Y50-64","50-64 anni","2019M12G12","12-Dic-2019","2019-Q2","T2-2019",4619.363,,
"IT","Italia","INAC","inattivi (migliaia)","9","totale","Y50-64","50-64 anni","2019M12G12","12-Dic-2019","2019-Q3","T3-2019",4625.396,,
"IT","Italia","INAC","inattivi (migliaia)","9","totale","Y15-34","15-34 anni","2019M12G12","12-Dic-2019","2019-Q1","T1-2019",6077.162,,
"IT","Italia","INAC","inattivi (migliaia)","9","totale","Y15-34","15-34 anni","2019M12G12","12-Dic-2019","2019-Q2","T2-2019",6073.491,,
"IT","Italia","INAC","inattivi (migliaia)","9","totale","Y15-34","15-34 anni","2019M12G12","12-Dic-2019","2019-Q3","T3-2019",6081.359,,
"IT","Italia","INAC","inattivi (migliaia)","1","maschi","Y15-64","15-64 anni","2019M12G12","12-Dic-2019","2019-Q1","T1-2019",4799.199,,
"IT","Italia","INAC","inattivi (migliaia)","1","maschi","Y15-64","15-64 anni","2019M12G12","12-Dic-2019","2019-Q2","T2-2019",4782.088,,
"IT","Italia","INAC","inattivi (migliaia)","1","maschi","Y15-64","15-64 anni","2019M12G12","12-Dic-2019","2019-Q3","T3-2019",4781.656,,
"IT","Italia","INAC","inattivi (migliaia)","2","femmine","Y15-64","15-64 anni","2019M12G12","12-Dic-2019","2019-Q1","T1-2019",8415.213,,
"IT","Italia","INAC","inattivi (migliaia)","2","femmine","Y15-64","15-64 anni","2019M12G12","12-Dic-2019","2019-Q2","T2-2019",8397.466,,
"IT","Italia","INAC","inattivi (migliaia)","2","femmine","Y15-64","15-64 anni","2019M12G12","12-Dic-2019","2019-Q3","T3-2019",8375.685,,
"IT","Italia","INAC","inattivi (migliaia)","9","totale","Y15-64","15-64 anni","2019M12G12","12-Dic-2019","2019-Q1","T1-2019",13214.412,,
"IT","Italia","INAC","inattivi (migliaia)","9","totale","Y15-64","15-64 anni","2019M12G12","12-Dic-2019","2019-Q2","T2-2019",13179.554,,
"IT","Italia","INAC","inattivi (migliaia)","9","totale","Y15-64","15-64 anni","2019M12G12","12-Dic-2019","2019-Q3","T3-2019",13157.341,,
"IT","Italia","INAC","inattivi (migliaia)","9","totale","Y_GE50","50 anni e più","2019M12G12","12-Dic-2019","2019-Q1","T1-2019",17493.414,,
"IT","Italia","INAC","inattivi (migliaia)","9","totale","Y_GE50","50 anni e più","2019M12G12","12-Dic-2019","2019-Q2","T2-2019",17482.917,,
"IT","Italia","INAC","inattivi (migliaia)","9","totale","Y_GE50","50 anni e più","2019M12G12","12-Dic-2019","2019-Q3","T3-2019",17500.549,,
"IT","Italia","INAC","inattivi (migliaia)","9","totale","Y35-49","35-49 anni","2019M12G12","12-Dic-2019","2019-Q1","T1-2019",2506.41,,
"IT","Italia","INAC","inattivi (migliaia)","9","totale","Y35-49","35-49 anni","2019M12G12","12-Dic-2019","2019-Q2","T2-2019",2486.7,,
"IT","Italia","INAC","inattivi (migliaia)","9","totale","Y35-49","35-49 anni","2019M12G12","12-Dic-2019","2019-Q3","T3-2019",2450.586,,
"IT","Italia","INAC","inattivi (migliaia)","9","totale","Y_GE15","15 anni e più","2020M3G12","12-Mar-2020","2019-Q1","T1-2019",26069.514,,
"IT","Italia","INAC","inattivi (migliaia)","9","totale","Y_GE15","15 anni e più","2020M3G12","12-Mar-2020","2019-Q2","T2-2019",26042.822,,
"IT","Italia","INAC","inattivi (migliaia)","9","totale","Y_GE15","15 anni e più","2020M3G12","12-Mar-2020","2019-Q4","T4-2019",26072.6,,
"IT","Italia","INAC","inattivi (migliaia)","9","totale","Y_GE15","15 anni e più","2020M3G12","12-Mar-2020","2019-Q3","T3-2019",26047.942,,
"IT","Italia","INAC","inattivi (migliaia)","9","totale","Y15-24","15-24 anni","2020M3G12","12-Mar-2020","2019-Q1","T1-2019",4329.043,,
"IT","Italia","INAC","inattivi (migliaia)","9","totale","Y15-24","15-24 anni","2020M3G12","12-Mar-2020","2019-Q2","T2-2019",4325.379,,
"IT","Italia","INAC","inattivi (migliaia)","9","totale","Y15-24","15-24 anni","2020M3G12","12-Mar-2020","2019-Q4","T4-2019",4360.024,,
"IT","Italia","INAC","inattivi (migliaia)","9","totale","Y15-24","15-24 anni","2020M3G12","12-Mar-2020","2019-Q3","T3-2019",4339.269,,
"IT","Italia","INAC","inattivi (migliaia)","9","totale","Y25-34","25-34 anni","2020M3G12","12-Mar-2020","2019-Q1","T1-2019",1745.196,,
"IT","Italia","INAC","inattivi (migliaia)","9","totale","Y25-34","25-34 anni","2020M3G12","12-Mar-2020","2019-Q2","T2-2019",1745.544,,
"IT","Italia","INAC","inattivi (migliaia)","9","totale","Y25-34","25-34 anni","2020M3G12","12-Mar-2020","2019-Q4","T4-2019",1716.504,,
"IT","Italia","INAC","inattivi (migliaia)","9","totale","Y25-34","25-34 anni","2020M3G12","12-Mar-2020","2019-Q3","T3-2019",1736.747,,
"IT","Italia","INAC","inattivi (migliaia)","9","totale","Y50-64","50-64 anni","2020M3G12","12-Mar-2020","2019-Q1","T1-2019",4628.062,,
"IT","Italia","INAC","inattivi (migliaia)","9","totale","Y50-64","50-64 anni","2020M3G12","12-Mar-2020","2019-Q2","T2-2019",4620.22,,
"IT","Italia","INAC","inattivi (migliaia)","9","totale","Y50-64","50-64 anni","2020M3G12","12-Mar-2020","2019-Q4","T4-2019",4631.566,,
"IT","Italia","INAC","inattivi (migliaia)","9","totale","Y50-64","50-64 anni","2020M3G12","12-Mar-2020","2019-Q3","T3-2019",4632.819,,
"IT","Italia","INAC","inattivi (migliaia)","9","totale","Y15-34","15-34 anni","2020M3G12","12-Mar-2020","2019-Q1","T1-2019",6074.239,,
"IT","Italia","INAC","inattivi (migliaia)","9","totale","Y15-34","15-34 anni","2020M3G12","12-Mar-2020","2019-Q2","T2-2019",6070.923,,
"IT","Italia","INAC","inattivi (migliaia)","9","totale","Y15-34","15-34 anni","2020M3G12","12-Mar-2020","2019-Q4","T4-2019",6076.528,,
"IT","Italia","INAC","inattivi (migliaia)","9","totale","Y15-34","15-34 anni","2020M3G12","12-Mar-2020","2019-Q3","T3-2019",6076.016,,
"IT","Italia","INAC","inattivi (migliaia)","1","maschi","Y15-64","15-64 anni","2020M3G12","12-Mar-2020","2019-Q1","T1-2019",4795.794,,
"IT","Italia","INAC","inattivi (migliaia)","1","maschi","Y15-64","15-64 anni","2020M3G12","12-Mar-2020","2019-Q2","T2-2019",4780.876,,
"IT","Italia","INAC","inattivi (migliaia)","1","maschi","Y15-64","15-64 anni","2020M3G12","12-Mar-2020","2019-Q4","T4-2019",4795.775,,
"IT","Italia","INAC","inattivi (migliaia)","1","maschi","Y15-64","15-64 anni","2020M3G12","12-Mar-2020","2019-Q3","T3-2019",4783.273,,
"IT","Italia","INAC","inattivi (migliaia)","2","femmine","Y15-64","15-64 anni","2020M3G12","12-Mar-2020","2019-Q1","T1-2019",8411.457,,
"IT","Italia","INAC","inattivi (migliaia)","2","femmine","Y15-64","15-64 anni","2020M3G12","12-Mar-2020","2019-Q2","T2-2019",8399.453,,
"IT","Italia","INAC","inattivi (migliaia)","2","femmine","Y15-64","15-64 anni","2020M3G12","12-Mar-2020","2019-Q4","T4-2019",8361.15,,
"IT","Italia","INAC","inattivi (migliaia)","2","femmine","Y15-64","15-64 anni","2020M3G12","12-Mar-2020","2019-Q3","T3-2019",8383.795,,
"IT","Italia","INAC","inattivi (migliaia)","9","totale","Y15-64","15-64 anni","2020M3G12","12-Mar-2020","2019-Q1","T1-2019",13207.251,,
"IT","Italia","INAC","inattivi (migliaia)","9","totale","Y15-64","15-64 anni","2020M3G12","12-Mar-2020","2019-Q2","T2-2019",13180.329,,
"IT","Italia","INAC","inattivi (migliaia)","9","totale","Y15-64","15-64 anni","2020M3G12","12-Mar-2020","2019-Q4","T4-2019",13156.925,,
"IT","Italia","INAC","inattivi (migliaia)","9","totale","Y15-64","15-64 anni","2020M3G12","12-Mar-2020","2019-Q3","T3-2019",13167.068,,
"IT","Italia","INAC","inattivi (migliaia)","9","totale","Y_GE50","50 anni e più","2020M3G12","12-Mar-2020","2019-Q1","T1-2019",17490.325,,
"IT","Italia","INAC","inattivi (migliaia)","9","totale","Y_GE50","50 anni e più","2020M3G12","12-Mar-2020","2019-Q2","T2-2019",17482.712,,
"IT","Italia","INAC","inattivi (migliaia)","9","totale","Y_GE50","50 anni e più","2020M3G12","12-Mar-2020","2019-Q4","T4-2019",17547.241,,
"IT","Italia","INAC","inattivi (migliaia)","9","totale","Y_GE50","50 anni e più","2020M3G12","12-Mar-2020","2019-Q3","T3-2019",17513.694,,
"IT","Italia","INAC","inattivi (migliaia)","9","totale","Y35-49","35-49 anni","2020M3G12","12-Mar-2020","2019-Q1","T1-2019",2504.95,,
"IT","Italia","INAC","inattivi (migliaia)","9","totale","Y35-49","35-49 anni","2020M3G12","12-Mar-2020","2019-Q2","T2-2019",2489.186,,
"IT","Italia","INAC","inattivi (migliaia)","9","totale","Y35-49","35-49 anni","2020M3G12","12-Mar-2020","2019-Q4","T4-2019",2448.83,,
"IT","Italia","INAC","inattivi (migliaia)","9","totale","Y35-49","35-49 anni","2020M3G12","12-Mar-2020","2019-Q3","T3-2019",2458.232,,
"IT","Italia","INAC","inattivi (migliaia)","9","totale","Y_GE15","15 anni e più","2020M6G12","12-Giu-2020","2019-Q1","T1-2019",26043.909,,
"IT","Italia","INAC","inattivi (migliaia)","9","totale","Y_GE15","15 anni e più","2020M6G12","12-Giu-2020","2019-Q2","T2-2019",26003.669,,
"IT","Italia","INAC","inattivi (migliaia)","9","totale","Y_GE15","15 anni e più","2020M6G12","12-Giu-2020","2019-Q4","T4-2019",26189.166,,
"IT","Italia","INAC","inattivi (migliaia)","9","totale","Y_GE15","15 anni e più","2020M6G12","12-Giu-2020","2019-Q3","T3-2019",26076.067,,
"IT","Italia","INAC","inattivi (migliaia)","9","totale","Y_GE15","15 anni e più","2020M6G12","12-Giu-2020","2020-Q1","T1-2020",26476.791,,
"IT","Italia","INAC","inattivi (migliaia)","9","totale","Y15-24","15-24 anni","2020M6G12","12-Giu-2020","2019-Q1","T1-2019",4330.766,,
"IT","Italia","INAC","inattivi (migliaia)","9","totale","Y15-24","15-24 anni","2020M6G12","12-Giu-2020","2019-Q2","T2-2019",4314.6,,
"IT","Italia","INAC","inattivi (migliaia)","9","totale","Y15-24","15-24 anni","2020M6G12","12-Giu-2020","2019-Q4","T4-2019",4374.289,,
"IT","Italia","INAC","inattivi (migliaia)","9","totale","Y15-24","15-24 anni","2020M6G12","12-Giu-2020","2019-Q3","T3-2019",4340.493,,
"IT","Italia","INAC","inattivi (migliaia)","9","totale","Y15-24","15-24 anni","2020M6G12","12-Giu-2020","2020-Q1","T1-2020",4407.883,,
"IT","Italia","INAC","inattivi (migliaia)","9","totale","Y25-34","25-34 anni","2020M6G12","12-Giu-2020","2019-Q1","T1-2019",1739.011,,
"IT","Italia","INAC","inattivi (migliaia)","9","totale","Y25-34","25-34 anni","2020M6G12","12-Giu-2020","2019-Q2","T2-2019",1732.426,,
"IT","Italia","INAC","inattivi (migliaia)","9","totale","Y25-34","25-34 anni","2020M6G12","12-Giu-2020","2019-Q4","T4-2019",1753.135,,
"IT","Italia","INAC","inattivi (migliaia)","9","totale","Y25-34","25-34 anni","2020M6G12","12-Giu-2020","2019-Q3","T3-2019",1748.937,,
"IT","Italia","INAC","inattivi (migliaia)","9","totale","Y25-34","25-34 anni","2020M6G12","12-Giu-2020","2020-Q1","T1-2020",1835.251,,
"IT","Italia","INAC","inattivi (migliaia)","9","totale","Y50-64","50-64 anni","2020M6G12","12-Giu-2020","2019-Q1","T1-2019",4626.002,,
"IT","Italia","INAC","inattivi (migliaia)","9","totale","Y50-64","50-64 anni","2020M6G12","12-Giu-2020","2019-Q2","T2-2019",4605.217,,
"IT","Italia","INAC","inattivi (migliaia)","9","totale","Y50-64","50-64 anni","2020M6G12","12-Giu-2020","2019-Q4","T4-2019",4650.628,,
"IT","Italia","INAC","inattivi (migliaia)","9","totale","Y50-64","50-64 anni","2020M6G12","12-Giu-2020","2019-Q3","T3-2019",4634.11,,
"IT","Italia","INAC","inattivi (migliaia)","9","totale","Y50-64","50-64 anni","2020M6G12","12-Giu-2020","2020-Q1","T1-2020",4704.451,,
"IT","Italia","INAC","inattivi (migliaia)","9","totale","Y15-34","15-34 anni","2020M6G12","12-Giu-2020","2019-Q1","T1-2019",6069.777,,
"IT","Italia","INAC","inattivi (migliaia)","9","totale","Y15-34","15-34 anni","2020M6G12","12-Giu-2020","2019-Q2","T2-2019",6047.026,,
"IT","Italia","INAC","inattivi (migliaia)","9","totale","Y15-34","15-34 anni","2020M6G12","12-Giu-2020","2019-Q4","T4-2019",6127.424,,
"IT","Italia","INAC","inattivi (migliaia)","9","totale","Y15-34","15-34 anni","2020M6G12","12-Giu-2020","2019-Q3","T3-2019",6089.43,,
"IT","Italia","INAC","inattivi (migliaia)","9","totale","Y15-34","15-34 anni","2020M6G12","12-Giu-2020","2020-Q1","T1-2020",6243.134,,
"IT","Italia","INAC","inattivi (migliaia)","1","maschi","Y15-64","15-64 anni","2020M6G12","12-Giu-2020","2019-Q1","T1-2019",4786.866,,
"IT","Italia","INAC","inattivi (migliaia)","1","maschi","Y15-64","15-64 anni","2020M6G12","12-Giu-2020","2019-Q2","T2-2019",4755.959,,
"IT","Italia","INAC","inattivi (migliaia)","1","maschi","Y15-64","15-64 anni","2020M6G12","12-Giu-2020","2019-Q4","T4-2019",4850.379,,
"IT","Italia","INAC","inattivi (migliaia)","1","maschi","Y15-64","15-64 anni","2020M6G12","12-Giu-2020","2019-Q3","T3-2019",4798.697,,
"IT","Italia","INAC","inattivi (migliaia)","1","maschi","Y15-64","15-64 anni","2020M6G12","12-Giu-2020","2020-Q1","T1-2020",4972.735,,
"IT","Italia","INAC","inattivi (migliaia)","2","femmine","Y15-64","15-64 anni","2020M6G12","12-Giu-2020","2019-Q1","T1-2019",8399.289,,
"IT","Italia","INAC","inattivi (migliaia)","2","femmine","Y15-64","15-64 anni","2020M6G12","12-Giu-2020","2019-Q2","T2-2019",8374.265,,
"IT","Italia","INAC","inattivi (migliaia)","2","femmine","Y15-64","15-64 anni","2020M6G12","12-Giu-2020","2019-Q4","T4-2019",8427.844,,
"IT","Italia","INAC","inattivi (migliaia)","2","femmine","Y15-64","15-64 anni","2020M6G12","12-Giu-2020","2019-Q3","T3-2019",8397.845,,
"IT","Italia","INAC","inattivi (migliaia)","2","femmine","Y15-64","15-64 anni","2020M6G12","12-Giu-2020","2020-Q1","T1-2020",8546.642,,
"IT","Italia","INAC","inattivi (migliaia)","9","totale","Y15-64","15-64 anni","2020M6G12","12-Giu-2020","2019-Q1","T1-2019",13186.155,,
"IT","Italia","INAC","inattivi (migliaia)","9","totale","Y15-64","15-64 anni","2020M6G12","12-Giu-2020","2019-Q2","T2-2019",13130.224,,
"IT","Italia","INAC","inattivi (migliaia)","9","totale","Y15-64","15-64 anni","2020M6G12","12-Giu-2020","2019-Q4","T4-2019",13278.223,,
"IT","Italia","INAC","inattivi (migliaia)","9","totale","Y15-64","15-64 anni","2020M6G12","12-Giu-2020","2019-Q3","T3-2019",13196.542,,
"IT","Italia","INAC","inattivi (migliaia)","9","totale","Y15-64","15-64 anni","2020M6G12","12-Giu-2020","2020-Q1","T1-2020",13519.377,,
"IT","Italia","INAC","inattivi (migliaia)","9","totale","Y_GE50","50 anni e più","2020M6G12","12-Giu-2020","2019-Q1","T1-2019",17483.755,,
"IT","Italia","INAC","inattivi (migliaia)","9","totale","Y_GE50","50 anni e più","2020M6G12","12-Giu-2020","2019-Q2","T2-2019",17478.661,,
"IT","Italia","INAC","inattivi (migliaia)","9","totale","Y_GE50","50 anni e più","2020M6G12","12-Giu-2020","2019-Q4","T4-2019",17561.571,,
"IT","Italia","INAC","inattivi (migliaia)","9","totale","Y_GE50","50 anni e più","2020M6G12","12-Giu-2020","2019-Q3","T3-2019",17513.635,,
"IT","Italia","INAC","inattivi (migliaia)","9","totale","Y_GE50","50 anni e più","2020M6G12","12-Giu-2020","2020-Q1","T1-2020",17661.866,,
"IT","Italia","INAC","inattivi (migliaia)","9","totale","Y35-49","35-49 anni","2020M6G12","12-Giu-2020","2019-Q1","T1-2019",2490.376,,
"IT","Italia","INAC","inattivi (migliaia)","9","totale","Y35-49","35-49 anni","2020M6G12","12-Giu-2020","2019-Q2","T2-2019",2477.981,,
"IT","Italia","INAC","inattivi (migliaia)","9","totale","Y35-49","35-49 anni","2020M6G12","12-Giu-2020","2019-Q4","T4-2019",2500.172,,
"IT","Italia","INAC","inattivi (migliaia)","9","totale","Y35-49","35-49 anni","2020M6G12","12-Giu-2020","2019-Q3","T3-2019",2473.002,,
"IT","Italia","INAC","inattivi (migliaia)","9","totale","Y35-49","35-49 anni","2020M6G12","12-Giu-2020","2020-Q1","T1-2020",2571.791,,
"IT","Italia","INAC","inattivi (migliaia)","9","totale","Y_GE15","15 anni e più","2020M9G11","11-Set-2020","2019-Q1","T1-2019",26047.279,,
"IT","Italia","INAC","inattivi (migliaia)","9","totale","Y_GE15","15 anni e più","2020M9G11","11-Set-2020","2019-Q2","T2-2019",25995.163,,
"IT","Italia","INAC","inattivi (migliaia)","9","totale","Y_GE15","15 anni e più","2020M9G11","11-Set-2020","2019-Q4","T4-2019",26184.95,,
"IT","Italia","INAC","inattivi (migliaia)","9","totale","Y_GE15","15 anni e più","2020M9G11","11-Set-2020","2019-Q3","T3-2019",26117.029,,
"IT","Italia","INAC","inattivi (migliaia)","9","totale","Y_GE15","15 anni e più","2020M9G11","11-Set-2020","2020-Q2","T2-2020",27202.978,,
"IT","Italia","INAC","inattivi (migliaia)","9","totale","Y_GE15","15 anni e più","2020M9G11","11-Set-2020","2020-Q1","T1-2020",26405.192,,
"IT","Italia","INAC","inattivi (migliaia)","9","totale","Y15-24","15-24 anni","2020M9G11","11-Set-2020","2019-Q1","T1-2019",4334.255,,
"IT","Italia","INAC","inattivi (migliaia)","9","totale","Y15-24","15-24 anni","2020M9G11","11-Set-2020","2019-Q2","T2-2019",4308.546,,
"IT","Italia","INAC","inattivi (migliaia)","9","totale","Y15-24","15-24 anni","2020M9G11","11-Set-2020","2019-Q4","T4-2019",4376.928,,
"IT","Italia","INAC","inattivi (migliaia)","9","totale","Y15-24","15-24 anni","2020M9G11","11-Set-2020","2019-Q3","T3-2019",4348.952,,
"IT","Italia","INAC","inattivi (migliaia)","9","totale","Y15-24","15-24 anni","2020M9G11","11-Set-2020","2020-Q2","T2-2020",4550.305,,
"IT","Italia","INAC","inattivi (migliaia)","9","totale","Y15-24","15-24 anni","2020M9G11","11-Set-2020","2020-Q1","T1-2020",4404.046,,
"IT","Italia","INAC","inattivi (migliaia)","9","totale","Y25-34","25-34 anni","2020M9G11","11-Set-2020","2019-Q1","T1-2019",1738.942,,
"IT","Italia","INAC","inattivi (migliaia)","9","totale","Y25-34","25-34 anni","2020M9G11","11-Set-2020","2019-Q2","T2-2019",1730.794,,
"IT","Italia","INAC","inattivi (migliaia)","9","totale","Y25-34","25-34 anni","2020M9G11","11-Set-2020","2019-Q4","T4-2019",1752.004,,
"IT","Italia","INAC","inattivi (migliaia)","9","totale","Y25-34","25-34 anni","2020M9G11","11-Set-2020","2019-Q3","T3-2019",1758.102,,
"IT","Italia","INAC","inattivi (migliaia)","9","totale","Y25-34","25-34 anni","2020M9G11","11-Set-2020","2020-Q2","T2-2020",2036.014,,
"IT","Italia","INAC","inattivi (migliaia)","9","totale","Y25-34","25-34 anni","2020M9G11","11-Set-2020","2020-Q1","T1-2020",1819.632,,
"IT","Italia","INAC","inattivi (migliaia)","9","totale","Y50-64","50-64 anni","2020M9G11","11-Set-2020","2019-Q1","T1-2019",4626.318,,
"IT","Italia","INAC","inattivi (migliaia)","9","totale","Y50-64","50-64 anni","2020M9G11","11-Set-2020","2019-Q2","T2-2019",4604.163,,
"IT","Italia","INAC","inattivi (migliaia)","9","totale","Y50-64","50-64 anni","2020M9G11","11-Set-2020","2019-Q4","T4-2019",4650.135,,
"IT","Italia","INAC","inattivi (migliaia)","9","totale","Y50-64","50-64 anni","2020M9G11","11-Set-2020","2019-Q3","T3-2019",4640.785,,
"IT","Italia","INAC","inattivi (migliaia)","9","totale","Y50-64","50-64 anni","2020M9G11","11-Set-2020","2020-Q2","T2-2020",4824.375,,
"IT","Italia","INAC","inattivi (migliaia)","9","totale","Y50-64","50-64 anni","2020M9G11","11-Set-2020","2020-Q1","T1-2020",4685.581,,
"IT","Italia","INAC","inattivi (migliaia)","9","totale","Y15-34","15-34 anni","2020M9G11","11-Set-2020","2019-Q1","T1-2019",6073.197,,
"IT","Italia","INAC","inattivi (migliaia)","9","totale","Y15-34","15-34 anni","2020M9G11","11-Set-2020","2019-Q2","T2-2019",6039.34,,
"IT","Italia","INAC","inattivi (migliaia)","9","totale","Y15-34","15-34 anni","2020M9G11","11-Set-2020","2019-Q4","T4-2019",6128.932,,
"IT","Italia","INAC","inattivi (migliaia)","9","totale","Y15-34","15-34 anni","2020M9G11","11-Set-2020","2019-Q3","T3-2019",6107.054,,
"IT","Italia","INAC","inattivi (migliaia)","9","totale","Y15-34","15-34 anni","2020M9G11","11-Set-2020","2020-Q2","T2-2020",6586.319,,
"IT","Italia","INAC","inattivi (migliaia)","9","totale","Y15-34","15-34 anni","2020M9G11","11-Set-2020","2020-Q1","T1-2020",6223.678,,
"IT","Italia","INAC","inattivi (migliaia)","1","maschi","Y15-64","15-64 anni","2020M9G11","11-Set-2020","2019-Q1","T1-2019",4789.908,,
"IT","Italia","INAC","inattivi (migliaia)","1","maschi","Y15-64","15-64 anni","2020M9G11","11-Set-2020","2019-Q2","T2-2019",4753.443,,
"IT","Italia","INAC","inattivi (migliaia)","1","maschi","Y15-64","15-64 anni","2020M9G11","11-Set-2020","2019-Q4","T4-2019",4847.345,,
"IT","Italia","INAC","inattivi (migliaia)","1","maschi","Y15-64","15-64 anni","2020M9G11","11-Set-2020","2019-Q3","T3-2019",4817.974,,
"IT","Italia","INAC","inattivi (migliaia)","1","maschi","Y15-64","15-64 anni","2020M9G11","11-Set-2020","2020-Q2","T2-2020",5245.013,,
"IT","Italia","INAC","inattivi (migliaia)","1","maschi","Y15-64","15-64 anni","2020M9G11","11-Set-2020","2020-Q1","T1-2020",4937.658,,
"IT","Italia","INAC","inattivi (migliaia)","2","femmine","Y15-64","15-64 anni","2020M9G11","11-Set-2020","2019-Q1","T1-2019",8398.564,,
"IT","Italia","INAC","inattivi (migliaia)","2","femmine","Y15-64","15-64 anni","2020M9G11","11-Set-2020","2019-Q2","T2-2019",8372.853,,
"IT","Italia","INAC","inattivi (migliaia)","2","femmine","Y15-64","15-64 anni","2020M9G11","11-Set-2020","2019-Q4","T4-2019",8422.812,,
"IT","Italia","INAC","inattivi (migliaia)","2","femmine","Y15-64","15-64 anni","2020M9G11","11-Set-2020","2019-Q3","T3-2019",8418.455,,
"IT","Italia","INAC","inattivi (migliaia)","2","femmine","Y15-64","15-64 anni","2020M9G11","11-Set-2020","2020-Q2","T2-2020",8937.498,,
"IT","Italia","INAC","inattivi (migliaia)","2","femmine","Y15-64","15-64 anni","2020M9G11","11-Set-2020","2020-Q1","T1-2020",8502.368,,
"IT","Italia","INAC","inattivi (migliaia)","9","totale","Y15-64","15-64 anni","2020M9G11","11-Set-2020","2019-Q1","T1-2019",13188.472,,
"IT","Italia","INAC","inattivi (migliaia)","9","totale","Y15-64","15-64 anni","2020M9G11","11-Set-2020","2019-Q2","T2-2019",13126.296,,
"IT","Italia","INAC","inattivi (migliaia)","9","totale","Y15-64","15-64 anni","2020M9G11","11-Set-2020","2019-Q4","T4-2019",13270.157,,
"IT","Italia","INAC","inattivi (migliaia)","9","totale","Y15-64","15-64 anni","2020M9G11","11-Set-2020","2019-Q3","T3-2019",13236.429,,
"IT","Italia","INAC","inattivi (migliaia)","9","totale","Y15-64","15-64 anni","2020M9G11","11-Set-2020","2020-Q2","T2-2020",14182.511,,
"IT","Italia","INAC","inattivi (migliaia)","9","totale","Y15-64","15-64 anni","2020M9G11","11-Set-2020","2020-Q1","T1-2020",13440.026,,
"IT","Italia","INAC","inattivi (migliaia)","9","totale","Y_GE50","50 anni e più","2020M9G11","11-Set-2020","2019-Q1","T1-2019",17485.125,,
"IT","Italia","INAC","inattivi (migliaia)","9","totale","Y_GE50","50 anni e più","2020M9G11","11-Set-2020","2019-Q2","T2-2019",17473.03,,
"IT","Italia","INAC","inattivi (migliaia)","9","totale","Y_GE50","50 anni e più","2020M9G11","11-Set-2020","2019-Q4","T4-2019",17564.928,,
"IT","Italia","INAC","inattivi (migliaia)","9","totale","Y_GE50","50 anni e più","2020M9G11","11-Set-2020","2019-Q3","T3-2019",17521.384,,
"IT","Italia","INAC","inattivi (migliaia)","9","totale","Y_GE50","50 anni e più","2020M9G11","11-Set-2020","2020-Q2","T2-2020",17844.842,,
"IT","Italia","INAC","inattivi (migliaia)","9","totale","Y_GE50","50 anni e più","2020M9G11","11-Set-2020","2020-Q1","T1-2020",17650.748,,
"IT","Italia","INAC","inattivi (migliaia)","9","totale","Y35-49","35-49 anni","2020M9G11","11-Set-2020","2019-Q1","T1-2019",2488.957,,
"IT","Italia","INAC","inattivi (migliaia)","9","totale","Y35-49","35-49 anni","2020M9G11","11-Set-2020","2019-Q2","T2-2019",2482.793,,
"IT","Italia","INAC","inattivi (migliaia)","9","totale","Y35-49","35-49 anni","2020M9G11","11-Set-2020","2019-Q4","T4-2019",2491.09,,
"IT","Italia","INAC","inattivi (migliaia)","9","totale","Y35-49","35-49 anni","2020M9G11","11-Set-2020","2019-Q3","T3-2019",2488.59,,
"IT","Italia","INAC","inattivi (migliaia)","9","totale","Y35-49","35-49 anni","2020M9G11","11-Set-2020","2020-Q2","T2-2020",2771.817,,
"IT","Italia","INAC","inattivi (migliaia)","9","totale","Y35-49","35-49 anni","2020M9G11","11-Set-2020","2020-Q1","T1-2020",2530.766,,
"IT","Italia","INAC","inattivi (migliaia)","9","totale","Y_GE15","15 anni e più","2020M12G11","11-Dic-2020","2019-Q1","T1-2019",26045.441,,
"IT","Italia","INAC","inattivi (migliaia)","9","totale","Y_GE15","15 anni e più","2020M12G11","11-Dic-2020","2019-Q2","T2-2019",25988.294,,
"IT","Italia","INAC","inattivi (migliaia)","9","totale","Y_GE15","15 anni e più","2020M12G11","11-Dic-2020","2019-Q4","T4-2019",26202.135,,
"IT","Italia","INAC","inattivi (migliaia)","9","totale","Y_GE15","15 anni e più","2020M12G11","11-Dic-2020","2019-Q3","T3-2019",26125.317,,
"IT","Italia","INAC","inattivi (migliaia)","9","totale","Y_GE15","15 anni e più","2020M12G11","11-Dic-2020","2020-Q2","T2-2020",27160.74,,
"IT","Italia","INAC","inattivi (migliaia)","9","totale","Y_GE15","15 anni e più","2020M12G11","11-Dic-2020","2020-Q1","T1-2020",26421.11,,
"IT","Italia","INAC","inattivi (migliaia)","9","totale","Y_GE15","15 anni e più","2020M12G11","11-Dic-2020","2020-Q3","T3-2020",26681.885,,
"IT","Italia","INAC","inattivi (migliaia)","9","totale","Y15-24","15-24 anni","2020M12G11","11-Dic-2020","2019-Q1","T1-2019",4333.622,,
"IT","Italia","INAC","inattivi (migliaia)","9","totale","Y15-24","15-24 anni","2020M12G11","11-Dic-2020","2019-Q2","T2-2019",4304.798,,
"IT","Italia","INAC","inattivi (migliaia)","9","totale","Y15-24","15-24 anni","2020M12G11","11-Dic-2020","2019-Q4","T4-2019",4376.501,,
"IT","Italia","INAC","inattivi (migliaia)","9","totale","Y15-24","15-24 anni","2020M12G11","11-Dic-2020","2019-Q3","T3-2019",4356.123,,
"IT","Italia","INAC","inattivi (migliaia)","9","totale","Y15-24","15-24 anni","2020M12G11","11-Dic-2020","2020-Q2","T2-2020",4535.851,,
"IT","Italia","INAC","inattivi (migliaia)","9","totale","Y15-24","15-24 anni","2020M12G11","11-Dic-2020","2020-Q1","T1-2020",4404.97,,
"IT","Italia","INAC","inattivi (migliaia)","9","totale","Y15-24","15-24 anni","2020M12G11","11-Dic-2020","2020-Q3","T3-2020",4450.345,,
"IT","Italia","INAC","inattivi (migliaia)","9","totale","Y25-34","25-34 anni","2020M12G11","11-Dic-2020","2019-Q1","T1-2019",1738.488,,
"IT","Italia","INAC","inattivi (migliaia)","9","totale","Y25-34","25-34 anni","2020M12G11","11-Dic-2020","2019-Q2","T2-2019",1730.323,,
"IT","Italia","INAC","inattivi (migliaia)","9","totale","Y25-34","25-34 anni","2020M12G11","11-Dic-2020","2019-Q4","T4-2019",1758.141,,
"IT","Italia","INAC","inattivi (migliaia)","9","totale","Y25-34","25-34 anni","2020M12G11","11-Dic-2020","2019-Q3","T3-2019",1761.453,,
"IT","Italia","INAC","inattivi (migliaia)","9","totale","Y25-34","25-34 anni","2020M12G11","11-Dic-2020","2020-Q2","T2-2020",2022.845,,
"IT","Italia","INAC","inattivi (migliaia)","9","totale","Y25-34","25-34 anni","2020M12G11","11-Dic-2020","2020-Q1","T1-2020",1812.584,,
"IT","Italia","INAC","inattivi (migliaia)","9","totale","Y25-34","25-34 anni","2020M12G11","11-Dic-2020","2020-Q3","T3-2020",1839.107,,
"IT","Italia","INAC","inattivi (migliaia)","9","totale","Y50-64","50-64 anni","2020M12G11","11-Dic-2020","2019-Q1","T1-2019",4625.457,,
"IT","Italia","INAC","inattivi (migliaia)","9","totale","Y50-64","50-64 anni","2020M12G11","11-Dic-2020","2019-Q2","T2-2019",4603.127,,
"IT","Italia","INAC","inattivi (migliaia)","9","totale","Y50-64","50-64 anni","2020M12G11","11-Dic-2020","2019-Q4","T4-2019",4656.13,,
"IT","Italia","INAC","inattivi (migliaia)","9","totale","Y50-64","50-64 anni","2020M12G11","11-Dic-2020","2019-Q3","T3-2019",4641.423,,
"IT","Italia","INAC","inattivi (migliaia)","9","totale","Y50-64","50-64 anni","2020M12G11","11-Dic-2020","2020-Q2","T2-2020",4804.864,,
"IT","Italia","INAC","inattivi (migliaia)","9","totale","Y50-64","50-64 anni","2020M12G11","11-Dic-2020","2020-Q1","T1-2020",4699.222,,
"IT","Italia","INAC","inattivi (migliaia)","9","totale","Y50-64","50-64 anni","2020M12G11","11-Dic-2020","2020-Q3","T3-2020",4779.638,,
"IT","Italia","INAC","inattivi (migliaia)","9","totale","Y15-34","15-34 anni","2020M12G11","11-Dic-2020","2019-Q1","T1-2019",6072.11,,
"IT","Italia","INAC","inattivi (migliaia)","9","totale","Y15-34","15-34 anni","2020M12G11","11-Dic-2020","2019-Q2","T2-2019",6035.121,,
"IT","Italia","INAC","inattivi (migliaia)","9","totale","Y15-34","15-34 anni","2020M12G11","11-Dic-2020","2019-Q4","T4-2019",6134.642,,
"IT","Italia","INAC","inattivi (migliaia)","9","totale","Y15-34","15-34 anni","2020M12G11","11-Dic-2020","2019-Q3","T3-2019",6117.576,,
"IT","Italia","INAC","inattivi (migliaia)","9","totale","Y15-34","15-34 anni","2020M12G11","11-Dic-2020","2020-Q2","T2-2020",6558.696,,
"IT","Italia","INAC","inattivi (migliaia)","9","totale","Y15-34","15-34 anni","2020M12G11","11-Dic-2020","2020-Q1","T1-2020",6217.554,,
"IT","Italia","INAC","inattivi (migliaia)","9","totale","Y15-34","15-34 anni","2020M12G11","11-Dic-2020","2020-Q3","T3-2020",6289.452,,
"IT","Italia","INAC","inattivi (migliaia)","1","maschi","Y15-64","15-64 anni","2020M12G11","11-Dic-2020","2019-Q1","T1-2019",4788.626,,
"IT","Italia","INAC","inattivi (migliaia)","1","maschi","Y15-64","15-64 anni","2020M12G11","11-Dic-2020","2019-Q2","T2-2019",4751.365,,
"IT","Italia","INAC","inattivi (migliaia)","1","maschi","Y15-64","15-64 anni","2020M12G11","11-Dic-2020","2019-Q4","T4-2019",4848.853,,
"IT","Italia","INAC","inattivi (migliaia)","1","maschi","Y15-64","15-64 anni","2020M12G11","11-Dic-2020","2019-Q3","T3-2019",4827.74,,
"IT","Italia","INAC","inattivi (migliaia)","1","maschi","Y15-64","15-64 anni","2020M12G11","11-Dic-2020","2020-Q2","T2-2020",5229.078,,
"IT","Italia","INAC","inattivi (migliaia)","1","maschi","Y15-64","15-64 anni","2020M12G11","11-Dic-2020","2020-Q1","T1-2020",4931.606,,
"IT","Italia","INAC","inattivi (migliaia)","1","maschi","Y15-64","15-64 anni","2020M12G11","11-Dic-2020","2020-Q3","T3-2020",4993.685,,
"IT","Italia","INAC","inattivi (migliaia)","2","femmine","Y15-64","15-64 anni","2020M12G11","11-Dic-2020","2019-Q1","T1-2019",8397.904,,
"IT","Italia","INAC","inattivi (migliaia)","2","femmine","Y15-64","15-64 anni","2020M12G11","11-Dic-2020","2019-Q2","T2-2019",8368.222,,
"IT","Italia","INAC","inattivi (migliaia)","2","femmine","Y15-64","15-64 anni","2020M12G11","11-Dic-2020","2019-Q4","T4-2019",8437.284,,
"IT","Italia","INAC","inattivi (migliaia)","2","femmine","Y15-64","15-64 anni","2020M12G11","11-Dic-2020","2019-Q3","T3-2019",8418.616,,
"IT","Italia","INAC","inattivi (migliaia)","2","femmine","Y15-64","15-64 anni","2020M12G11","11-Dic-2020","2020-Q2","T2-2020",8904.655,,
"IT","Italia","INAC","inattivi (migliaia)","2","femmine","Y15-64","15-64 anni","2020M12G11","11-Dic-2020","2020-Q1","T1-2020",8520.726,,
"IT","Italia","INAC","inattivi (migliaia)","2","femmine","Y15-64","15-64 anni","2020M12G11","11-Dic-2020","2020-Q3","T3-2020",8646.031,,
"IT","Italia","INAC","inattivi (migliaia)","9","totale","Y15-64","15-64 anni","2020M12G11","11-Dic-2020","2019-Q1","T1-2019",13186.53,,
"IT","Italia","INAC","inattivi (migliaia)","9","totale","Y15-64","15-64 anni","2020M12G11","11-Dic-2020","2019-Q2","T2-2019",13119.587,,
"IT","Italia","INAC","inattivi (migliaia)","9","totale","Y15-64","15-64 anni","2020M12G11","11-Dic-2020","2019-Q4","T4-2019",13286.137,,
"IT","Italia","INAC","inattivi (migliaia)","9","totale","Y15-64","15-64 anni","2020M12G11","11-Dic-2020","2019-Q3","T3-2019",13246.356,,
"IT","Italia","INAC","inattivi (migliaia)","9","totale","Y15-64","15-64 anni","2020M12G11","11-Dic-2020","2020-Q2","T2-2020",14133.733,,
"IT","Italia","INAC","inattivi (migliaia)","9","totale","Y15-64","15-64 anni","2020M12G11","11-Dic-2020","2020-Q1","T1-2020",13452.332,,
"IT","Italia","INAC","inattivi (migliaia)","9","totale","Y15-64","15-64 anni","2020M12G11","11-Dic-2020","2020-Q3","T3-2020",13639.716,,
"IT","Italia","INAC","inattivi (migliaia)","9","totale","Y_GE50","50 anni e più","2020M12G11","11-Dic-2020","2019-Q1","T1-2019",17484.368,,
"IT","Italia","INAC","inattivi (migliaia)","9","totale","Y_GE50","50 anni e più","2020M12G11","11-Dic-2020","2019-Q2","T2-2019",17471.834,,
"IT","Italia","INAC","inattivi (migliaia)","9","totale","Y_GE50","50 anni e più","2020M12G11","11-Dic-2020","2019-Q4","T4-2019",17572.128,,
"IT","Italia","INAC","inattivi (migliaia)","9","totale","Y_GE50","50 anni e più","2020M12G11","11-Dic-2020","2019-Q3","T3-2019",17520.384,,
"IT","Italia","INAC","inattivi (migliaia)","9","totale","Y_GE50","50 anni e più","2020M12G11","11-Dic-2020","2020-Q2","T2-2020",17831.871,,
"IT","Italia","INAC","inattivi (migliaia)","9","totale","Y_GE50","50 anni e più","2020M12G11","11-Dic-2020","2020-Q1","T1-2020",17668,,
"IT","Italia","INAC","inattivi (migliaia)","9","totale","Y_GE50","50 anni e più","2020M12G11","11-Dic-2020","2020-Q3","T3-2020",17821.807,,
"IT","Italia","INAC","inattivi (migliaia)","9","totale","Y35-49","35-49 anni","2020M12G11","11-Dic-2020","2019-Q1","T1-2019",2488.963,,
"IT","Italia","INAC","inattivi (migliaia)","9","totale","Y35-49","35-49 anni","2020M12G11","11-Dic-2020","2019-Q2","T2-2019",2481.339,,
"IT","Italia","INAC","inattivi (migliaia)","9","totale","Y35-49","35-49 anni","2020M12G11","11-Dic-2020","2019-Q4","T4-2019",2495.365,,
"IT","Italia","INAC","inattivi (migliaia)","9","totale","Y35-49","35-49 anni","2020M12G11","11-Dic-2020","2019-Q3","T3-2019",2487.357,,
"IT","Italia","INAC","inattivi (migliaia)","9","totale","Y35-49","35-49 anni","2020M12G11","11-Dic-2020","2020-Q2","T2-2020",2770.173,,
"IT","Italia","INAC","inattivi (migliaia)","9","totale","Y35-49","35-49 anni","2020M12G11","11-Dic-2020","2020-Q1","T1-2020",2535.555,,
"IT","Italia","INAC","inattivi (migliaia)","9","totale","Y35-49","35-49 anni","2020M12G11","11-Dic-2020","2020-Q3","T3-2020",2570.626,,
"IT","Italia","INAC","inattivi (migliaia)","9","totale","Y_GE15","15 anni e più","2021M3G12","12-Mar-2021","2019-Q1","T1-2019",26046.634,,
"IT","Italia","INAC","inattivi (migliaia)","9","totale","Y_GE15","15 anni e più","2021M3G12","12-Mar-2021","2019-Q2","T2-2019",25989.951,,
"IT","Italia","INAC","inattivi (migliaia)","9","totale","Y_GE15","15 anni e più","2021M3G12","12-Mar-2021","2019-Q4","T4-2019",26185.771,,
"IT","Italia","INAC","inattivi (migliaia)","9","totale","Y_GE15","15 anni e più","2021M3G12","12-Mar-2021","2019-Q3","T3-2019",26125.426,,
"IT","Italia","INAC","inattivi (migliaia)","9","totale","Y_GE15","15 anni e più","2021M3G12","12-Mar-2021","2020-Q2","T2-2020",27194.236,,
"IT","Italia","INAC","inattivi (migliaia)","9","totale","Y_GE15","15 anni e più","2021M3G12","12-Mar-2021","2020-Q1","T1-2020",26406.395,,
"IT","Italia","INAC","inattivi (migliaia)","9","totale","Y_GE15","15 anni e più","2021M3G12","12-Mar-2021","2020-Q3","T3-2020",26713.38,,
"IT","Italia","INAC","inattivi (migliaia)","9","totale","Y_GE15","15 anni e più","2021M3G12","12-Mar-2021","2020-Q4","T4-2020",26715.507,,
"IT","Italia","INAC","inattivi (migliaia)","9","totale","Y15-24","15-24 anni","2021M3G12","12-Mar-2021","2019-Q1","T1-2019",4333.68,,
"IT","Italia","INAC","inattivi (migliaia)","9","totale","Y15-24","15-24 anni","2021M3G12","12-Mar-2021","2019-Q2","T2-2019",4304.562,,
"IT","Italia","INAC","inattivi (migliaia)","9","totale","Y15-24","15-24 anni","2021M3G12","12-Mar-2021","2019-Q4","T4-2019",4373.844,,
"IT","Italia","INAC","inattivi (migliaia)","9","totale","Y15-24","15-24 anni","2021M3G12","12-Mar-2021","2019-Q3","T3-2019",4356.74,,
"IT","Italia","INAC","inattivi (migliaia)","9","totale","Y15-24","15-24 anni","2021M3G12","12-Mar-2021","2020-Q2","T2-2020",4537.759,,
"IT","Italia","INAC","inattivi (migliaia)","9","totale","Y15-24","15-24 anni","2021M3G12","12-Mar-2021","2020-Q1","T1-2020",4403.349,,
"IT","Italia","INAC","inattivi (migliaia)","9","totale","Y15-24","15-24 anni","2021M3G12","12-Mar-2021","2020-Q3","T3-2020",4460.071,,
"IT","Italia","INAC","inattivi (migliaia)","9","totale","Y15-24","15-24 anni","2021M3G12","12-Mar-2021","2020-Q4","T4-2020",4497.191,,
"IT","Italia","INAC","inattivi (migliaia)","9","totale","Y25-34","25-34 anni","2021M3G12","12-Mar-2021","2019-Q1","T1-2019",1738.71,,
"IT","Italia","INAC","inattivi (migliaia)","9","totale","Y25-34","25-34 anni","2021M3G12","12-Mar-2021","2019-Q2","T2-2019",1729.77,,
"IT","Italia","INAC","inattivi (migliaia)","9","totale","Y25-34","25-34 anni","2021M3G12","12-Mar-2021","2019-Q4","T4-2019",1750.139,,
"IT","Italia","INAC","inattivi (migliaia)","9","totale","Y25-34","25-34 anni","2021M3G12","12-Mar-2021","2019-Q3","T3-2019",1763.915,,
"IT","Italia","INAC","inattivi (migliaia)","9","totale","Y25-34","25-34 anni","2021M3G12","12-Mar-2021","2020-Q2","T2-2020",2029.069,,
"IT","Italia","INAC","inattivi (migliaia)","9","totale","Y25-34","25-34 anni","2021M3G12","12-Mar-2021","2020-Q1","T1-2020",1811.72,,
"IT","Italia","INAC","inattivi (migliaia)","9","totale","Y25-34","25-34 anni","2021M3G12","12-Mar-2021","2020-Q3","T3-2020",1862.983,,
"IT","Italia","INAC","inattivi (migliaia)","9","totale","Y25-34","25-34 anni","2021M3G12","12-Mar-2021","2020-Q4","T4-2020",1865.336,,
"IT","Italia","INAC","inattivi (migliaia)","9","totale","Y50-64","50-64 anni","2021M3G12","12-Mar-2021","2019-Q1","T1-2019",4626.342,,
"IT","Italia","INAC","inattivi (migliaia)","9","totale","Y50-64","50-64 anni","2021M3G12","12-Mar-2021","2019-Q2","T2-2019",4606.243,,
"IT","Italia","INAC","inattivi (migliaia)","9","totale","Y50-64","50-64 anni","2021M3G12","12-Mar-2021","2019-Q4","T4-2019",4653.809,,
"IT","Italia","INAC","inattivi (migliaia)","9","totale","Y50-64","50-64 anni","2021M3G12","12-Mar-2021","2019-Q3","T3-2019",4637.428,,
"IT","Italia","INAC","inattivi (migliaia)","9","totale","Y50-64","50-64 anni","2021M3G12","12-Mar-2021","2020-Q2","T2-2020",4829.835,,
"IT","Italia","INAC","inattivi (migliaia)","9","totale","Y50-64","50-64 anni","2021M3G12","12-Mar-2021","2020-Q1","T1-2020",4688.054,,
"IT","Italia","INAC","inattivi (migliaia)","9","totale","Y50-64","50-64 anni","2021M3G12","12-Mar-2021","2020-Q3","T3-2020",4760.253,,
"IT","Italia","INAC","inattivi (migliaia)","9","totale","Y50-64","50-64 anni","2021M3G12","12-Mar-2021","2020-Q4","T4-2020",4735.261,,
"IT","Italia","INAC","inattivi (migliaia)","9","totale","Y15-34","15-34 anni","2021M3G12","12-Mar-2021","2019-Q1","T1-2019",6072.39,,
"IT","Italia","INAC","inattivi (migliaia)","9","totale","Y15-34","15-34 anni","2021M3G12","12-Mar-2021","2019-Q2","T2-2019",6034.332,,
"IT","Italia","INAC","inattivi (migliaia)","9","totale","Y15-34","15-34 anni","2021M3G12","12-Mar-2021","2019-Q4","T4-2019",6123.983,,
"IT","Italia","INAC","inattivi (migliaia)","9","totale","Y15-34","15-34 anni","2021M3G12","12-Mar-2021","2019-Q3","T3-2019",6120.655,,
"IT","Italia","INAC","inattivi (migliaia)","9","totale","Y15-34","15-34 anni","2021M3G12","12-Mar-2021","2020-Q2","T2-2020",6566.828,,
"IT","Italia","INAC","inattivi (migliaia)","9","totale","Y15-34","15-34 anni","2021M3G12","12-Mar-2021","2020-Q1","T1-2020",6215.069,,
"IT","Italia","INAC","inattivi (migliaia)","9","totale","Y15-34","15-34 anni","2021M3G12","12-Mar-2021","2020-Q3","T3-2020",6323.054,,
"IT","Italia","INAC","inattivi (migliaia)","9","totale","Y15-34","15-34 anni","2021M3G12","12-Mar-2021","2020-Q4","T4-2020",6362.527,,
"IT","Italia","INAC","inattivi (migliaia)","1","maschi","Y15-64","15-64 anni","2021M3G12","12-Mar-2021","2019-Q1","T1-2019",4788.978,,
"IT","Italia","INAC","inattivi (migliaia)","1","maschi","Y15-64","15-64 anni","2021M3G12","12-Mar-2021","2019-Q2","T2-2019",4750.867,,
"IT","Italia","INAC","inattivi (migliaia)","1","maschi","Y15-64","15-64 anni","2021M3G12","12-Mar-2021","2019-Q4","T4-2019",4846.813,,
"IT","Italia","INAC","inattivi (migliaia)","1","maschi","Y15-64","15-64 anni","2021M3G12","12-Mar-2021","2019-Q3","T3-2019",4828.377,,
"IT","Italia","INAC","inattivi (migliaia)","1","maschi","Y15-64","15-64 anni","2021M3G12","12-Mar-2021","2020-Q2","T2-2020",5231.401,,
"IT","Italia","INAC","inattivi (migliaia)","1","maschi","Y15-64","15-64 anni","2021M3G12","12-Mar-2021","2020-Q1","T1-2020",4930.981,,
"IT","Italia","INAC","inattivi (migliaia)","1","maschi","Y15-64","15-64 anni","2021M3G12","12-Mar-2021","2020-Q3","T3-2020",5001.822,,
"IT","Italia","INAC","inattivi (migliaia)","1","maschi","Y15-64","15-64 anni","2021M3G12","12-Mar-2021","2020-Q4","T4-2020",5000.301,,
"IT","Italia","INAC","inattivi (migliaia)","2","femmine","Y15-64","15-64 anni","2021M3G12","12-Mar-2021","2019-Q1","T1-2019",8398.817,,
"IT","Italia","INAC","inattivi (migliaia)","2","femmine","Y15-64","15-64 anni","2021M3G12","12-Mar-2021","2019-Q2","T2-2019",8370.383,,
"IT","Italia","INAC","inattivi (migliaia)","2","femmine","Y15-64","15-64 anni","2021M3G12","12-Mar-2021","2019-Q4","T4-2019",8421.35,,
"IT","Italia","INAC","inattivi (migliaia)","2","femmine","Y15-64","15-64 anni","2021M3G12","12-Mar-2021","2019-Q3","T3-2019",8418.63,,
"IT","Italia","INAC","inattivi (migliaia)","2","femmine","Y15-64","15-64 anni","2021M3G12","12-Mar-2021","2020-Q2","T2-2020",8937.205,,
"IT","Italia","INAC","inattivi (migliaia)","2","femmine","Y15-64","15-64 anni","2021M3G12","12-Mar-2021","2020-Q1","T1-2020",8505.969,,
"IT","Italia","INAC","inattivi (migliaia)","2","femmine","Y15-64","15-64 anni","2021M3G12","12-Mar-2021","2020-Q3","T3-2020",8673.001,,
"IT","Italia","INAC","inattivi (migliaia)","2","femmine","Y15-64","15-64 anni","2021M3G12","12-Mar-2021","2020-Q4","T4-2020",8664.171,,
"IT","Italia","INAC","inattivi (migliaia)","9","totale","Y15-64","15-64 anni","2021M3G12","12-Mar-2021","2019-Q1","T1-2019",13187.795,,
"IT","Italia","INAC","inattivi (migliaia)","9","totale","Y15-64","15-64 anni","2021M3G12","12-Mar-2021","2019-Q2","T2-2019",13121.25,,
"IT","Italia","INAC","inattivi (migliaia)","9","totale","Y15-64","15-64 anni","2021M3G12","12-Mar-2021","2019-Q4","T4-2019",13268.163,,
"IT","Italia","INAC","inattivi (migliaia)","9","totale","Y15-64","15-64 anni","2021M3G12","12-Mar-2021","2019-Q3","T3-2019",13247.007,,
"IT","Italia","INAC","inattivi (migliaia)","9","totale","Y15-64","15-64 anni","2021M3G12","12-Mar-2021","2020-Q2","T2-2020",14168.606,,
"IT","Italia","INAC","inattivi (migliaia)","9","totale","Y15-64","15-64 anni","2021M3G12","12-Mar-2021","2020-Q1","T1-2020",13436.95,,
"IT","Italia","INAC","inattivi (migliaia)","9","totale","Y15-64","15-64 anni","2021M3G12","12-Mar-2021","2020-Q3","T3-2020",13674.823,,
"IT","Italia","INAC","inattivi (migliaia)","9","totale","Y15-64","15-64 anni","2021M3G12","12-Mar-2021","2020-Q4","T4-2020",13664.472,,
"IT","Italia","INAC","inattivi (migliaia)","9","totale","Y_GE50","50 anni e più","2021M3G12","12-Mar-2021","2019-Q1","T1-2019",17485.181,,
"IT","Italia","INAC","inattivi (migliaia)","9","totale","Y_GE50","50 anni e più","2021M3G12","12-Mar-2021","2019-Q2","T2-2019",17474.944,,
"IT","Italia","INAC","inattivi (migliaia)","9","totale","Y_GE50","50 anni e più","2021M3G12","12-Mar-2021","2019-Q4","T4-2019",17571.417,,
"IT","Italia","INAC","inattivi (migliaia)","9","totale","Y_GE50","50 anni e più","2021M3G12","12-Mar-2021","2019-Q3","T3-2019",17515.847,,
"IT","Italia","INAC","inattivi (migliaia)","9","totale","Y_GE50","50 anni e più","2021M3G12","12-Mar-2021","2020-Q2","T2-2020",17855.465,,
"IT","Italia","INAC","inattivi (migliaia)","9","totale","Y_GE50","50 anni e più","2021M3G12","12-Mar-2021","2020-Q1","T1-2020",17657.499,,
"IT","Italia","INAC","inattivi (migliaia)","9","totale","Y_GE50","50 anni e più","2021M3G12","12-Mar-2021","2020-Q3","T3-2020",17798.81,,
"IT","Italia","INAC","inattivi (migliaia)","9","totale","Y_GE50","50 anni e più","2021M3G12","12-Mar-2021","2020-Q4","T4-2020",17786.296,,
"IT","Italia","INAC","inattivi (migliaia)","9","totale","Y35-49","35-49 anni","2021M3G12","12-Mar-2021","2019-Q1","T1-2019",2489.063,,
"IT","Italia","INAC","inattivi (migliaia)","9","totale","Y35-49","35-49 anni","2021M3G12","12-Mar-2021","2019-Q2","T2-2019",2480.675,,
"IT","Italia","INAC","inattivi (migliaia)","9","totale","Y35-49","35-49 anni","2021M3G12","12-Mar-2021","2019-Q4","T4-2019",2490.371,,
"IT","Italia","INAC","inattivi (migliaia)","9","totale","Y35-49","35-49 anni","2021M3G12","12-Mar-2021","2019-Q3","T3-2019",2488.925,,
"IT","Italia","INAC","inattivi (migliaia)","9","totale","Y35-49","35-49 anni","2021M3G12","12-Mar-2021","2020-Q2","T2-2020",2771.942,,
"IT","Italia","INAC","inattivi (migliaia)","9","totale","Y35-49","35-49 anni","2021M3G12","12-Mar-2021","2020-Q1","T1-2020",2533.828,,
"IT","Italia","INAC","inattivi (migliaia)","9","totale","Y35-49","35-49 anni","2021M3G12","12-Mar-2021","2020-Q3","T3-2020",2591.517,,
"IT","Italia","INAC","inattivi (migliaia)","9","totale","Y35-49","35-49 anni","2021M3G12","12-Mar-2021","2020-Q4","T4-2020",2566.683,,
