"ITTER107","Territorio","TIPO_DATO_FOL","Tipo dato","SEXISTAT1","Sesso","ETA1","Classe di età","T_BIS","Edizione","TIME","Seleziona periodo","Value","Flag Codes","Flags"
"IT","Italia","UNEMP","persone in cerca di occupazione 15 anni e oltre (migliaia)","1","maschi","Y_GE15","15 anni e più","2019M6G13","13-Giu-2019","2019-Q1","T1-2019",1428.948,,
"IT","Italia","UNEMP","persone in cerca di occupazione 15 anni e oltre (migliaia)","2","femmine","Y_GE15","15 anni e più","2019M6G13","13-Giu-2019","2019-Q1","T1-2019",1273.009,,
"IT","Italia","UNEMP","persone in cerca di occupazione 15 anni e oltre (migliaia)","9","totale","Y_GE15","15 anni e più","2019M6G13","13-Giu-2019","2019-Q1","T1-2019",2701.957,,
"IT","Italia","UNEMP","persone in cerca di occupazione 15 anni e oltre (migliaia)","9","totale","Y15-24","15-24 anni","2019M6G13","13-Giu-2019","2019-Q1","T1-2019",492.281,,
"IT","Italia","UNEMP","persone in cerca di occupazione 15 anni e oltre (migliaia)","9","totale","Y25-34","25-34 anni","2019M6G13","13-Giu-2019","2019-Q1","T1-2019",740.714,,
"IT","Italia","UNEMP","persone in cerca di occupazione 15 anni e oltre (migliaia)","9","totale","Y50-64","50-64 anni","2019M6G13","13-Giu-2019","2019-Q1","T1-2019",544.024,,
"IT","Italia","UNEMP","persone in cerca di occupazione 15 anni e oltre (migliaia)","9","totale","Y15-34","15-34 anni","2019M6G13","13-Giu-2019","2019-Q1","T1-2019",1232.995,,
"IT","Italia","UNEMP","persone in cerca di occupazione 15 anni e oltre (migliaia)","9","totale","Y15-64","15-64 anni","2019M6G13","13-Giu-2019","2019-Q1","T1-2019",2687.309,,
"IT","Italia","UNEMP","persone in cerca di occupazione 15 anni e oltre (migliaia)","9","totale","Y_GE50","50 anni e più","2019M6G13","13-Giu-2019","2019-Q1","T1-2019",558.672,,
"IT","Italia","UNEMP","persone in cerca di occupazione 15 anni e oltre (migliaia)","9","totale","Y35-49","35-49 anni","2019M6G13","13-Giu-2019","2019-Q1","T1-2019",910.29,,
"IT","Italia","UNEMP","persone in cerca di occupazione 15 anni e oltre (migliaia)","1","maschi","Y_GE15","15 anni e più","2019M9G12","12-Set-2019","2019-Q1","T1-2019",1422.265,,
"IT","Italia","UNEMP","persone in cerca di occupazione 15 anni e oltre (migliaia)","1","maschi","Y_GE15","15 anni e più","2019M9G12","12-Set-2019","2019-Q2","T2-2019",1369.749,,
"IT","Italia","UNEMP","persone in cerca di occupazione 15 anni e oltre (migliaia)","2","femmine","Y_GE15","15 anni e più","2019M9G12","12-Set-2019","2019-Q1","T1-2019",1261.248,,
"IT","Italia","UNEMP","persone in cerca di occupazione 15 anni e oltre (migliaia)","2","femmine","Y_GE15","15 anni e più","2019M9G12","12-Set-2019","2019-Q2","T2-2019",1210.268,,
"IT","Italia","UNEMP","persone in cerca di occupazione 15 anni e oltre (migliaia)","9","totale","Y_GE15","15 anni e più","2019M9G12","12-Set-2019","2019-Q1","T1-2019",2683.513,,
"IT","Italia","UNEMP","persone in cerca di occupazione 15 anni e oltre (migliaia)","9","totale","Y_GE15","15 anni e più","2019M9G12","12-Set-2019","2019-Q2","T2-2019",2580.017,,
"IT","Italia","UNEMP","persone in cerca di occupazione 15 anni e oltre (migliaia)","9","totale","Y15-24","15-24 anni","2019M9G12","12-Set-2019","2019-Q1","T1-2019",481.791,,
"IT","Italia","UNEMP","persone in cerca di occupazione 15 anni e oltre (migliaia)","9","totale","Y15-24","15-24 anni","2019M9G12","12-Set-2019","2019-Q2","T2-2019",453.335,,
"IT","Italia","UNEMP","persone in cerca di occupazione 15 anni e oltre (migliaia)","9","totale","Y25-34","25-34 anni","2019M9G12","12-Set-2019","2019-Q1","T1-2019",739.55,,
"IT","Italia","UNEMP","persone in cerca di occupazione 15 anni e oltre (migliaia)","9","totale","Y25-34","25-34 anni","2019M9G12","12-Set-2019","2019-Q2","T2-2019",728.006,,
"IT","Italia","UNEMP","persone in cerca di occupazione 15 anni e oltre (migliaia)","9","totale","Y50-64","50-64 anni","2019M9G12","12-Set-2019","2019-Q1","T1-2019",536.945,,
"IT","Italia","UNEMP","persone in cerca di occupazione 15 anni e oltre (migliaia)","9","totale","Y50-64","50-64 anni","2019M9G12","12-Set-2019","2019-Q2","T2-2019",499.076,,
"IT","Italia","UNEMP","persone in cerca di occupazione 15 anni e oltre (migliaia)","9","totale","Y15-34","15-34 anni","2019M9G12","12-Set-2019","2019-Q1","T1-2019",1221.341,,
"IT","Italia","UNEMP","persone in cerca di occupazione 15 anni e oltre (migliaia)","9","totale","Y15-34","15-34 anni","2019M9G12","12-Set-2019","2019-Q2","T2-2019",1181.341,,
"IT","Italia","UNEMP","persone in cerca di occupazione 15 anni e oltre (migliaia)","9","totale","Y15-64","15-64 anni","2019M9G12","12-Set-2019","2019-Q1","T1-2019",2669.05,,
"IT","Italia","UNEMP","persone in cerca di occupazione 15 anni e oltre (migliaia)","9","totale","Y15-64","15-64 anni","2019M9G12","12-Set-2019","2019-Q2","T2-2019",2561.716,,
"IT","Italia","UNEMP","persone in cerca di occupazione 15 anni e oltre (migliaia)","9","totale","Y_GE50","50 anni e più","2019M9G12","12-Set-2019","2019-Q1","T1-2019",551.408,,
"IT","Italia","UNEMP","persone in cerca di occupazione 15 anni e oltre (migliaia)","9","totale","Y_GE50","50 anni e più","2019M9G12","12-Set-2019","2019-Q2","T2-2019",517.377,,
"IT","Italia","UNEMP","persone in cerca di occupazione 15 anni e oltre (migliaia)","9","totale","Y35-49","35-49 anni","2019M9G12","12-Set-2019","2019-Q1","T1-2019",910.765,,
"IT","Italia","UNEMP","persone in cerca di occupazione 15 anni e oltre (migliaia)","9","totale","Y35-49","35-49 anni","2019M9G12","12-Set-2019","2019-Q2","T2-2019",881.299,,
"IT","Italia","UNEMP","persone in cerca di occupazione 15 anni e oltre (migliaia)","1","maschi","Y_GE15","15 anni e più","2019M12G12","12-Dic-2019","2019-Q1","T1-2019",1419.179,,
"IT","Italia","UNEMP","persone in cerca di occupazione 15 anni e oltre (migliaia)","1","maschi","Y_GE15","15 anni e più","2019M12G12","12-Dic-2019","2019-Q2","T2-2019",1362.638,,
"IT","Italia","UNEMP","persone in cerca di occupazione 15 anni e oltre (migliaia)","1","maschi","Y_GE15","15 anni e più","2019M12G12","12-Dic-2019","2019-Q3","T3-2019",1322.743,,
"IT","Italia","UNEMP","persone in cerca di occupazione 15 anni e oltre (migliaia)","2","femmine","Y_GE15","15 anni e più","2019M12G12","12-Dic-2019","2019-Q1","T1-2019",1262.139,,
"IT","Italia","UNEMP","persone in cerca di occupazione 15 anni e oltre (migliaia)","2","femmine","Y_GE15","15 anni e più","2019M12G12","12-Dic-2019","2019-Q2","T2-2019",1217.877,,
"IT","Italia","UNEMP","persone in cerca di occupazione 15 anni e oltre (migliaia)","2","femmine","Y_GE15","15 anni e più","2019M12G12","12-Dic-2019","2019-Q3","T3-2019",1212.944,,
"IT","Italia","UNEMP","persone in cerca di occupazione 15 anni e oltre (migliaia)","9","totale","Y_GE15","15 anni e più","2019M12G12","12-Dic-2019","2019-Q1","T1-2019",2681.318,,
"IT","Italia","UNEMP","persone in cerca di occupazione 15 anni e oltre (migliaia)","9","totale","Y_GE15","15 anni e più","2019M12G12","12-Dic-2019","2019-Q2","T2-2019",2580.515,,
"IT","Italia","UNEMP","persone in cerca di occupazione 15 anni e oltre (migliaia)","9","totale","Y_GE15","15 anni e più","2019M12G12","12-Dic-2019","2019-Q3","T3-2019",2535.687,,
"IT","Italia","UNEMP","persone in cerca di occupazione 15 anni e oltre (migliaia)","9","totale","Y15-24","15-24 anni","2019M12G12","12-Dic-2019","2019-Q1","T1-2019",479.767,,
"IT","Italia","UNEMP","persone in cerca di occupazione 15 anni e oltre (migliaia)","9","totale","Y15-24","15-24 anni","2019M12G12","12-Dic-2019","2019-Q2","T2-2019",449.52,,
"IT","Italia","UNEMP","persone in cerca di occupazione 15 anni e oltre (migliaia)","9","totale","Y15-24","15-24 anni","2019M12G12","12-Dic-2019","2019-Q3","T3-2019",434.438,,
"IT","Italia","UNEMP","persone in cerca di occupazione 15 anni e oltre (migliaia)","9","totale","Y25-34","25-34 anni","2019M12G12","12-Dic-2019","2019-Q1","T1-2019",738.68,,
"IT","Italia","UNEMP","persone in cerca di occupazione 15 anni e oltre (migliaia)","9","totale","Y25-34","25-34 anni","2019M12G12","12-Dic-2019","2019-Q2","T2-2019",724.598,,
"IT","Italia","UNEMP","persone in cerca di occupazione 15 anni e oltre (migliaia)","9","totale","Y25-34","25-34 anni","2019M12G12","12-Dic-2019","2019-Q3","T3-2019",691.448,,
"IT","Italia","UNEMP","persone in cerca di occupazione 15 anni e oltre (migliaia)","9","totale","Y50-64","50-64 anni","2019M12G12","12-Dic-2019","2019-Q1","T1-2019",535.994,,
"IT","Italia","UNEMP","persone in cerca di occupazione 15 anni e oltre (migliaia)","9","totale","Y50-64","50-64 anni","2019M12G12","12-Dic-2019","2019-Q2","T2-2019",501.414,,
"IT","Italia","UNEMP","persone in cerca di occupazione 15 anni e oltre (migliaia)","9","totale","Y50-64","50-64 anni","2019M12G12","12-Dic-2019","2019-Q3","T3-2019",497.392,,
"IT","Italia","UNEMP","persone in cerca di occupazione 15 anni e oltre (migliaia)","9","totale","Y15-34","15-34 anni","2019M12G12","12-Dic-2019","2019-Q1","T1-2019",1218.447,,
"IT","Italia","UNEMP","persone in cerca di occupazione 15 anni e oltre (migliaia)","9","totale","Y15-34","15-34 anni","2019M12G12","12-Dic-2019","2019-Q2","T2-2019",1174.118,,
"IT","Italia","UNEMP","persone in cerca di occupazione 15 anni e oltre (migliaia)","9","totale","Y15-34","15-34 anni","2019M12G12","12-Dic-2019","2019-Q3","T3-2019",1125.886,,
"IT","Italia","UNEMP","persone in cerca di occupazione 15 anni e oltre (migliaia)","9","totale","Y15-64","15-64 anni","2019M12G12","12-Dic-2019","2019-Q1","T1-2019",2666.9,,
"IT","Italia","UNEMP","persone in cerca di occupazione 15 anni e oltre (migliaia)","9","totale","Y15-64","15-64 anni","2019M12G12","12-Dic-2019","2019-Q2","T2-2019",2562.147,,
"IT","Italia","UNEMP","persone in cerca di occupazione 15 anni e oltre (migliaia)","9","totale","Y15-64","15-64 anni","2019M12G12","12-Dic-2019","2019-Q3","T3-2019",2521.895,,
"IT","Italia","UNEMP","persone in cerca di occupazione 15 anni e oltre (migliaia)","9","totale","Y_GE50","50 anni e più","2019M12G12","12-Dic-2019","2019-Q1","T1-2019",550.412,,
"IT","Italia","UNEMP","persone in cerca di occupazione 15 anni e oltre (migliaia)","9","totale","Y_GE50","50 anni e più","2019M12G12","12-Dic-2019","2019-Q2","T2-2019",519.782,,
"IT","Italia","UNEMP","persone in cerca di occupazione 15 anni e oltre (migliaia)","9","totale","Y_GE50","50 anni e più","2019M12G12","12-Dic-2019","2019-Q3","T3-2019",511.184,,
"IT","Italia","UNEMP","persone in cerca di occupazione 15 anni e oltre (migliaia)","9","totale","Y35-49","35-49 anni","2019M12G12","12-Dic-2019","2019-Q1","T1-2019",912.459,,
"IT","Italia","UNEMP","persone in cerca di occupazione 15 anni e oltre (migliaia)","9","totale","Y35-49","35-49 anni","2019M12G12","12-Dic-2019","2019-Q2","T2-2019",886.615,,
"IT","Italia","UNEMP","persone in cerca di occupazione 15 anni e oltre (migliaia)","9","totale","Y35-49","35-49 anni","2019M12G12","12-Dic-2019","2019-Q3","T3-2019",898.616,,
"IT","Italia","UNEMP","persone in cerca di occupazione 15 anni e oltre (migliaia)","1","maschi","Y_GE15","15 anni e più","2020M3G12","12-Mar-2020","2019-Q1","T1-2019",1418.907,,
"IT","Italia","UNEMP","persone in cerca di occupazione 15 anni e oltre (migliaia)","1","maschi","Y_GE15","15 anni e più","2020M3G12","12-Mar-2020","2019-Q2","T2-2019",1361.311,,
"IT","Italia","UNEMP","persone in cerca di occupazione 15 anni e oltre (migliaia)","1","maschi","Y_GE15","15 anni e più","2020M3G12","12-Mar-2020","2019-Q4","T4-2019",1288.012,,
"IT","Italia","UNEMP","persone in cerca di occupazione 15 anni e oltre (migliaia)","1","maschi","Y_GE15","15 anni e più","2020M3G12","12-Mar-2020","2019-Q3","T3-2019",1320.939,,
"IT","Italia","UNEMP","persone in cerca di occupazione 15 anni e oltre (migliaia)","2","femmine","Y_GE15","15 anni e più","2020M3G12","12-Mar-2020","2019-Q1","T1-2019",1259.729,,
"IT","Italia","UNEMP","persone in cerca di occupazione 15 anni e oltre (migliaia)","2","femmine","Y_GE15","15 anni e più","2020M3G12","12-Mar-2020","2019-Q2","T2-2019",1220.11,,
"IT","Italia","UNEMP","persone in cerca di occupazione 15 anni e oltre (migliaia)","2","femmine","Y_GE15","15 anni e più","2020M3G12","12-Mar-2020","2019-Q4","T4-2019",1231.345,,
"IT","Italia","UNEMP","persone in cerca di occupazione 15 anni e oltre (migliaia)","2","femmine","Y_GE15","15 anni e più","2020M3G12","12-Mar-2020","2019-Q3","T3-2019",1218.279,,
"IT","Italia","UNEMP","persone in cerca di occupazione 15 anni e oltre (migliaia)","9","totale","Y_GE15","15 anni e più","2020M3G12","12-Mar-2020","2019-Q1","T1-2019",2678.636,,
"IT","Italia","UNEMP","persone in cerca di occupazione 15 anni e oltre (migliaia)","9","totale","Y_GE15","15 anni e più","2020M3G12","12-Mar-2020","2019-Q2","T2-2019",2581.421,,
"IT","Italia","UNEMP","persone in cerca di occupazione 15 anni e oltre (migliaia)","9","totale","Y_GE15","15 anni e più","2020M3G12","12-Mar-2020","2019-Q4","T4-2019",2519.357,,
"IT","Italia","UNEMP","persone in cerca di occupazione 15 anni e oltre (migliaia)","9","totale","Y_GE15","15 anni e più","2020M3G12","12-Mar-2020","2019-Q3","T3-2019",2539.218,,
"IT","Italia","UNEMP","persone in cerca di occupazione 15 anni e oltre (migliaia)","9","totale","Y15-24","15-24 anni","2020M3G12","12-Mar-2020","2019-Q1","T1-2019",476.96,,
"IT","Italia","UNEMP","persone in cerca di occupazione 15 anni e oltre (migliaia)","9","totale","Y15-24","15-24 anni","2020M3G12","12-Mar-2020","2019-Q2","T2-2019",449.808,,
"IT","Italia","UNEMP","persone in cerca di occupazione 15 anni e oltre (migliaia)","9","totale","Y15-24","15-24 anni","2020M3G12","12-Mar-2020","2019-Q4","T4-2019",430.285,,
"IT","Italia","UNEMP","persone in cerca di occupazione 15 anni e oltre (migliaia)","9","totale","Y15-24","15-24 anni","2020M3G12","12-Mar-2020","2019-Q3","T3-2019",438.161,,
"IT","Italia","UNEMP","persone in cerca di occupazione 15 anni e oltre (migliaia)","9","totale","Y25-34","25-34 anni","2020M3G12","12-Mar-2020","2019-Q1","T1-2019",737.075,,
"IT","Italia","UNEMP","persone in cerca di occupazione 15 anni e oltre (migliaia)","9","totale","Y25-34","25-34 anni","2020M3G12","12-Mar-2020","2019-Q2","T2-2019",725.609,,
"IT","Italia","UNEMP","persone in cerca di occupazione 15 anni e oltre (migliaia)","9","totale","Y25-34","25-34 anni","2020M3G12","12-Mar-2020","2019-Q4","T4-2019",686.101,,
"IT","Italia","UNEMP","persone in cerca di occupazione 15 anni e oltre (migliaia)","9","totale","Y25-34","25-34 anni","2020M3G12","12-Mar-2020","2019-Q3","T3-2019",693.47,,
"IT","Italia","UNEMP","persone in cerca di occupazione 15 anni e oltre (migliaia)","9","totale","Y50-64","50-64 anni","2020M3G12","12-Mar-2020","2019-Q1","T1-2019",534.581,,
"IT","Italia","UNEMP","persone in cerca di occupazione 15 anni e oltre (migliaia)","9","totale","Y50-64","50-64 anni","2020M3G12","12-Mar-2020","2019-Q2","T2-2019",501.828,,
"IT","Italia","UNEMP","persone in cerca di occupazione 15 anni e oltre (migliaia)","9","totale","Y50-64","50-64 anni","2020M3G12","12-Mar-2020","2019-Q4","T4-2019",512.729,,
"IT","Italia","UNEMP","persone in cerca di occupazione 15 anni e oltre (migliaia)","9","totale","Y50-64","50-64 anni","2020M3G12","12-Mar-2020","2019-Q3","T3-2019",499.468,,
"IT","Italia","UNEMP","persone in cerca di occupazione 15 anni e oltre (migliaia)","9","totale","Y15-34","15-34 anni","2020M3G12","12-Mar-2020","2019-Q1","T1-2019",1214.035,,
"IT","Italia","UNEMP","persone in cerca di occupazione 15 anni e oltre (migliaia)","9","totale","Y15-34","15-34 anni","2020M3G12","12-Mar-2020","2019-Q2","T2-2019",1175.417,,
"IT","Italia","UNEMP","persone in cerca di occupazione 15 anni e oltre (migliaia)","9","totale","Y15-34","15-34 anni","2020M3G12","12-Mar-2020","2019-Q4","T4-2019",1116.386,,
"IT","Italia","UNEMP","persone in cerca di occupazione 15 anni e oltre (migliaia)","9","totale","Y15-34","15-34 anni","2020M3G12","12-Mar-2020","2019-Q3","T3-2019",1131.631,,
"IT","Italia","UNEMP","persone in cerca di occupazione 15 anni e oltre (migliaia)","9","totale","Y15-64","15-64 anni","2020M3G12","12-Mar-2020","2019-Q1","T1-2019",2664.269,,
"IT","Italia","UNEMP","persone in cerca di occupazione 15 anni e oltre (migliaia)","9","totale","Y15-64","15-64 anni","2020M3G12","12-Mar-2020","2019-Q2","T2-2019",2563.066,,
"IT","Italia","UNEMP","persone in cerca di occupazione 15 anni e oltre (migliaia)","9","totale","Y15-64","15-64 anni","2020M3G12","12-Mar-2020","2019-Q4","T4-2019",2503.968,,
"IT","Italia","UNEMP","persone in cerca di occupazione 15 anni e oltre (migliaia)","9","totale","Y15-64","15-64 anni","2020M3G12","12-Mar-2020","2019-Q3","T3-2019",2525.382,,
"IT","Italia","UNEMP","persone in cerca di occupazione 15 anni e oltre (migliaia)","9","totale","Y_GE50","50 anni e più","2020M3G12","12-Mar-2020","2019-Q1","T1-2019",548.948,,
"IT","Italia","UNEMP","persone in cerca di occupazione 15 anni e oltre (migliaia)","9","totale","Y_GE50","50 anni e più","2020M3G12","12-Mar-2020","2019-Q2","T2-2019",520.183,,
"IT","Italia","UNEMP","persone in cerca di occupazione 15 anni e oltre (migliaia)","9","totale","Y_GE50","50 anni e più","2020M3G12","12-Mar-2020","2019-Q4","T4-2019",528.118,,
"IT","Italia","UNEMP","persone in cerca di occupazione 15 anni e oltre (migliaia)","9","totale","Y_GE50","50 anni e più","2020M3G12","12-Mar-2020","2019-Q3","T3-2019",513.304,,
"IT","Italia","UNEMP","persone in cerca di occupazione 15 anni e oltre (migliaia)","9","totale","Y35-49","35-49 anni","2020M3G12","12-Mar-2020","2019-Q1","T1-2019",915.654,,
"IT","Italia","UNEMP","persone in cerca di occupazione 15 anni e oltre (migliaia)","9","totale","Y35-49","35-49 anni","2020M3G12","12-Mar-2020","2019-Q2","T2-2019",885.82,,
"IT","Italia","UNEMP","persone in cerca di occupazione 15 anni e oltre (migliaia)","9","totale","Y35-49","35-49 anni","2020M3G12","12-Mar-2020","2019-Q4","T4-2019",874.852,,
"IT","Italia","UNEMP","persone in cerca di occupazione 15 anni e oltre (migliaia)","9","totale","Y35-49","35-49 anni","2020M3G12","12-Mar-2020","2019-Q3","T3-2019",894.283,,
"IT","Italia","UNEMP","persone in cerca di occupazione 15 anni e oltre (migliaia)","1","maschi","Y_GE15","15 anni e più","2020M6G12","12-Giu-2020","2019-Q1","T1-2019",1419.922,,
"IT","Italia","UNEMP","persone in cerca di occupazione 15 anni e oltre (migliaia)","1","maschi","Y_GE15","15 anni e più","2020M6G12","12-Giu-2020","2019-Q2","T2-2019",1371.826,,
"IT","Italia","UNEMP","persone in cerca di occupazione 15 anni e oltre (migliaia)","1","maschi","Y_GE15","15 anni e più","2020M6G12","12-Giu-2020","2019-Q4","T4-2019",1263.981,,
"IT","Italia","UNEMP","persone in cerca di occupazione 15 anni e oltre (migliaia)","1","maschi","Y_GE15","15 anni e più","2020M6G12","12-Giu-2020","2019-Q3","T3-2019",1318.06,,
"IT","Italia","UNEMP","persone in cerca di occupazione 15 anni e oltre (migliaia)","1","maschi","Y_GE15","15 anni e più","2020M6G12","12-Giu-2020","2020-Q1","T1-2020",1172.323,,
"IT","Italia","UNEMP","persone in cerca di occupazione 15 anni e oltre (migliaia)","2","femmine","Y_GE15","15 anni e più","2020M6G12","12-Giu-2020","2019-Q1","T1-2019",1270.038,,
"IT","Italia","UNEMP","persone in cerca di occupazione 15 anni e oltre (migliaia)","2","femmine","Y_GE15","15 anni e più","2020M6G12","12-Giu-2020","2019-Q2","T2-2019",1234.97,,
"IT","Italia","UNEMP","persone in cerca di occupazione 15 anni e oltre (migliaia)","2","femmine","Y_GE15","15 anni e più","2020M6G12","12-Giu-2020","2019-Q4","T4-2019",1183.067,,
"IT","Italia","UNEMP","persone in cerca di occupazione 15 anni e oltre (migliaia)","2","femmine","Y_GE15","15 anni e più","2020M6G12","12-Giu-2020","2019-Q3","T3-2019",1206.675,,
"IT","Italia","UNEMP","persone in cerca di occupazione 15 anni e oltre (migliaia)","2","femmine","Y_GE15","15 anni e più","2020M6G12","12-Giu-2020","2020-Q1","T1-2020",1099.987,,
"IT","Italia","UNEMP","persone in cerca di occupazione 15 anni e oltre (migliaia)","9","totale","Y_GE15","15 anni e più","2020M6G12","12-Giu-2020","2019-Q1","T1-2019",2689.96,,
"IT","Italia","UNEMP","persone in cerca di occupazione 15 anni e oltre (migliaia)","9","totale","Y_GE15","15 anni e più","2020M6G12","12-Giu-2020","2019-Q2","T2-2019",2606.796,,
"IT","Italia","UNEMP","persone in cerca di occupazione 15 anni e oltre (migliaia)","9","totale","Y_GE15","15 anni e più","2020M6G12","12-Giu-2020","2019-Q4","T4-2019",2447.048,,
"IT","Italia","UNEMP","persone in cerca di occupazione 15 anni e oltre (migliaia)","9","totale","Y_GE15","15 anni e più","2020M6G12","12-Giu-2020","2019-Q3","T3-2019",2524.735,,
"IT","Italia","UNEMP","persone in cerca di occupazione 15 anni e oltre (migliaia)","9","totale","Y_GE15","15 anni e più","2020M6G12","12-Giu-2020","2020-Q1","T1-2020",2272.31,,
"IT","Italia","UNEMP","persone in cerca di occupazione 15 anni e oltre (migliaia)","9","totale","Y15-24","15-24 anni","2020M6G12","12-Giu-2020","2019-Q1","T1-2019",476.713,,
"IT","Italia","UNEMP","persone in cerca di occupazione 15 anni e oltre (migliaia)","9","totale","Y15-24","15-24 anni","2020M6G12","12-Giu-2020","2019-Q2","T2-2019",456.814,,
"IT","Italia","UNEMP","persone in cerca di occupazione 15 anni e oltre (migliaia)","9","totale","Y15-24","15-24 anni","2020M6G12","12-Giu-2020","2019-Q4","T4-2019",418.583,,
"IT","Italia","UNEMP","persone in cerca di occupazione 15 anni e oltre (migliaia)","9","totale","Y15-24","15-24 anni","2020M6G12","12-Giu-2020","2019-Q3","T3-2019",437.423,,
"IT","Italia","UNEMP","persone in cerca di occupazione 15 anni e oltre (migliaia)","9","totale","Y15-24","15-24 anni","2020M6G12","12-Giu-2020","2020-Q1","T1-2020",404.328,,
"IT","Italia","UNEMP","persone in cerca di occupazione 15 anni e oltre (migliaia)","9","totale","Y25-34","25-34 anni","2020M6G12","12-Giu-2020","2019-Q1","T1-2019",742.313,,
"IT","Italia","UNEMP","persone in cerca di occupazione 15 anni e oltre (migliaia)","9","totale","Y25-34","25-34 anni","2020M6G12","12-Giu-2020","2019-Q2","T2-2019",730.329,,
"IT","Italia","UNEMP","persone in cerca di occupazione 15 anni e oltre (migliaia)","9","totale","Y25-34","25-34 anni","2020M6G12","12-Giu-2020","2019-Q4","T4-2019",669.196,,
"IT","Italia","UNEMP","persone in cerca di occupazione 15 anni e oltre (migliaia)","9","totale","Y25-34","25-34 anni","2020M6G12","12-Giu-2020","2019-Q3","T3-2019",688.547,,
"IT","Italia","UNEMP","persone in cerca di occupazione 15 anni e oltre (migliaia)","9","totale","Y25-34","25-34 anni","2020M6G12","12-Giu-2020","2020-Q1","T1-2020",615.667,,
"IT","Italia","UNEMP","persone in cerca di occupazione 15 anni e oltre (migliaia)","9","totale","Y50-64","50-64 anni","2020M6G12","12-Giu-2020","2019-Q1","T1-2019",535.82,,
"IT","Italia","UNEMP","persone in cerca di occupazione 15 anni e oltre (migliaia)","9","totale","Y50-64","50-64 anni","2020M6G12","12-Giu-2020","2019-Q2","T2-2019",508.069,,
"IT","Italia","UNEMP","persone in cerca di occupazione 15 anni e oltre (migliaia)","9","totale","Y50-64","50-64 anni","2020M6G12","12-Giu-2020","2019-Q4","T4-2019",497.253,,
"IT","Italia","UNEMP","persone in cerca di occupazione 15 anni e oltre (migliaia)","9","totale","Y50-64","50-64 anni","2020M6G12","12-Giu-2020","2019-Q3","T3-2019",497.493,,
"IT","Italia","UNEMP","persone in cerca di occupazione 15 anni e oltre (migliaia)","9","totale","Y50-64","50-64 anni","2020M6G12","12-Giu-2020","2020-Q1","T1-2020",473.615,,
"IT","Italia","UNEMP","persone in cerca di occupazione 15 anni e oltre (migliaia)","9","totale","Y15-34","15-34 anni","2020M6G12","12-Giu-2020","2019-Q1","T1-2019",1219.026,,
"IT","Italia","UNEMP","persone in cerca di occupazione 15 anni e oltre (migliaia)","9","totale","Y15-34","15-34 anni","2020M6G12","12-Giu-2020","2019-Q2","T2-2019",1187.143,,
"IT","Italia","UNEMP","persone in cerca di occupazione 15 anni e oltre (migliaia)","9","totale","Y15-34","15-34 anni","2020M6G12","12-Giu-2020","2019-Q4","T4-2019",1087.779,,
"IT","Italia","UNEMP","persone in cerca di occupazione 15 anni e oltre (migliaia)","9","totale","Y15-34","15-34 anni","2020M6G12","12-Giu-2020","2019-Q3","T3-2019",1125.97,,
"IT","Italia","UNEMP","persone in cerca di occupazione 15 anni e oltre (migliaia)","9","totale","Y15-34","15-34 anni","2020M6G12","12-Giu-2020","2020-Q1","T1-2020",1019.995,,
"IT","Italia","UNEMP","persone in cerca di occupazione 15 anni e oltre (migliaia)","9","totale","Y15-64","15-64 anni","2020M6G12","12-Giu-2020","2019-Q1","T1-2019",2675.618,,
"IT","Italia","UNEMP","persone in cerca di occupazione 15 anni e oltre (migliaia)","9","totale","Y15-64","15-64 anni","2020M6G12","12-Giu-2020","2019-Q2","T2-2019",2588.193,,
"IT","Italia","UNEMP","persone in cerca di occupazione 15 anni e oltre (migliaia)","9","totale","Y15-64","15-64 anni","2020M6G12","12-Giu-2020","2019-Q4","T4-2019",2432.198,,
"IT","Italia","UNEMP","persone in cerca di occupazione 15 anni e oltre (migliaia)","9","totale","Y15-64","15-64 anni","2020M6G12","12-Giu-2020","2019-Q3","T3-2019",2510.956,,
"IT","Italia","UNEMP","persone in cerca di occupazione 15 anni e oltre (migliaia)","9","totale","Y15-64","15-64 anni","2020M6G12","12-Giu-2020","2020-Q1","T1-2020",2262.708,,
"IT","Italia","UNEMP","persone in cerca di occupazione 15 anni e oltre (migliaia)","9","totale","Y_GE50","50 anni e più","2020M6G12","12-Giu-2020","2019-Q1","T1-2019",550.162,,
"IT","Italia","UNEMP","persone in cerca di occupazione 15 anni e oltre (migliaia)","9","totale","Y_GE50","50 anni e più","2020M6G12","12-Giu-2020","2019-Q2","T2-2019",526.672,,
"IT","Italia","UNEMP","persone in cerca di occupazione 15 anni e oltre (migliaia)","9","totale","Y_GE50","50 anni e più","2020M6G12","12-Giu-2020","2019-Q4","T4-2019",512.103,,
"IT","Italia","UNEMP","persone in cerca di occupazione 15 anni e oltre (migliaia)","9","totale","Y_GE50","50 anni e più","2020M6G12","12-Giu-2020","2019-Q3","T3-2019",511.272,,
"IT","Italia","UNEMP","persone in cerca di occupazione 15 anni e oltre (migliaia)","9","totale","Y_GE50","50 anni e più","2020M6G12","12-Giu-2020","2020-Q1","T1-2020",483.217,,
"IT","Italia","UNEMP","persone in cerca di occupazione 15 anni e oltre (migliaia)","9","totale","Y35-49","35-49 anni","2020M6G12","12-Giu-2020","2019-Q1","T1-2019",920.771,,
"IT","Italia","UNEMP","persone in cerca di occupazione 15 anni e oltre (migliaia)","9","totale","Y35-49","35-49 anni","2020M6G12","12-Giu-2020","2019-Q2","T2-2019",892.981,,
"IT","Italia","UNEMP","persone in cerca di occupazione 15 anni e oltre (migliaia)","9","totale","Y35-49","35-49 anni","2020M6G12","12-Giu-2020","2019-Q4","T4-2019",847.166,,
"IT","Italia","UNEMP","persone in cerca di occupazione 15 anni e oltre (migliaia)","9","totale","Y35-49","35-49 anni","2020M6G12","12-Giu-2020","2019-Q3","T3-2019",887.494,,
"IT","Italia","UNEMP","persone in cerca di occupazione 15 anni e oltre (migliaia)","9","totale","Y35-49","35-49 anni","2020M6G12","12-Giu-2020","2020-Q1","T1-2020",769.097,,
"IT","Italia","UNEMP","persone in cerca di occupazione 15 anni e oltre (migliaia)","1","maschi","Y_GE15","15 anni e più","2020M9G11","11-Set-2020","2019-Q1","T1-2019",1426.264,,
"IT","Italia","UNEMP","persone in cerca di occupazione 15 anni e oltre (migliaia)","1","maschi","Y_GE15","15 anni e più","2020M9G11","11-Set-2020","2019-Q2","T2-2019",1377.848,,
"IT","Italia","UNEMP","persone in cerca di occupazione 15 anni e oltre (migliaia)","1","maschi","Y_GE15","15 anni e più","2020M9G11","11-Set-2020","2019-Q4","T4-2019",1258.422,,
"IT","Italia","UNEMP","persone in cerca di occupazione 15 anni e oltre (migliaia)","1","maschi","Y_GE15","15 anni e più","2020M9G11","11-Set-2020","2019-Q3","T3-2019",1297.292,,
"IT","Italia","UNEMP","persone in cerca di occupazione 15 anni e oltre (migliaia)","1","maschi","Y_GE15","15 anni e più","2020M9G11","11-Set-2020","2020-Q2","T2-2020",1102.881,,
"IT","Italia","UNEMP","persone in cerca di occupazione 15 anni e oltre (migliaia)","1","maschi","Y_GE15","15 anni e più","2020M9G11","11-Set-2020","2020-Q1","T1-2020",1195.051,,
"IT","Italia","UNEMP","persone in cerca di occupazione 15 anni e oltre (migliaia)","2","femmine","Y_GE15","15 anni e più","2020M9G11","11-Set-2020","2019-Q1","T1-2019",1273.115,,
"IT","Italia","UNEMP","persone in cerca di occupazione 15 anni e oltre (migliaia)","2","femmine","Y_GE15","15 anni e più","2020M9G11","11-Set-2020","2019-Q2","T2-2019",1226.211,,
"IT","Italia","UNEMP","persone in cerca di occupazione 15 anni e oltre (migliaia)","2","femmine","Y_GE15","15 anni e più","2020M9G11","11-Set-2020","2019-Q4","T4-2019",1195.345,,
"IT","Italia","UNEMP","persone in cerca di occupazione 15 anni e oltre (migliaia)","2","femmine","Y_GE15","15 anni e più","2020M9G11","11-Set-2020","2019-Q3","T3-2019",1185.744,,
"IT","Italia","UNEMP","persone in cerca di occupazione 15 anni e oltre (migliaia)","2","femmine","Y_GE15","15 anni e più","2020M9G11","11-Set-2020","2020-Q2","T2-2020",954.372,,
"IT","Italia","UNEMP","persone in cerca di occupazione 15 anni e oltre (migliaia)","2","femmine","Y_GE15","15 anni e più","2020M9G11","11-Set-2020","2020-Q1","T1-2020",1154.068,,
"IT","Italia","UNEMP","persone in cerca di occupazione 15 anni e oltre (migliaia)","9","totale","Y_GE15","15 anni e più","2020M9G11","11-Set-2020","2019-Q1","T1-2019",2699.379,,
"IT","Italia","UNEMP","persone in cerca di occupazione 15 anni e oltre (migliaia)","9","totale","Y_GE15","15 anni e più","2020M9G11","11-Set-2020","2019-Q2","T2-2019",2604.059,,
"IT","Italia","UNEMP","persone in cerca di occupazione 15 anni e oltre (migliaia)","9","totale","Y_GE15","15 anni e più","2020M9G11","11-Set-2020","2019-Q4","T4-2019",2453.767,,
"IT","Italia","UNEMP","persone in cerca di occupazione 15 anni e oltre (migliaia)","9","totale","Y_GE15","15 anni e più","2020M9G11","11-Set-2020","2019-Q3","T3-2019",2483.036,,
"IT","Italia","UNEMP","persone in cerca di occupazione 15 anni e oltre (migliaia)","9","totale","Y_GE15","15 anni e più","2020M9G11","11-Set-2020","2020-Q2","T2-2020",2057.253,,
"IT","Italia","UNEMP","persone in cerca di occupazione 15 anni e oltre (migliaia)","9","totale","Y_GE15","15 anni e più","2020M9G11","11-Set-2020","2020-Q1","T1-2020",2349.119,,
"IT","Italia","UNEMP","persone in cerca di occupazione 15 anni e oltre (migliaia)","9","totale","Y15-24","15-24 anni","2020M9G11","11-Set-2020","2019-Q1","T1-2019",476.771,,
"IT","Italia","UNEMP","persone in cerca di occupazione 15 anni e oltre (migliaia)","9","totale","Y15-24","15-24 anni","2020M9G11","11-Set-2020","2019-Q2","T2-2019",459.959,,
"IT","Italia","UNEMP","persone in cerca di occupazione 15 anni e oltre (migliaia)","9","totale","Y15-24","15-24 anni","2020M9G11","11-Set-2020","2019-Q4","T4-2019",417.631,,
"IT","Italia","UNEMP","persone in cerca di occupazione 15 anni e oltre (migliaia)","9","totale","Y15-24","15-24 anni","2020M9G11","11-Set-2020","2019-Q3","T3-2019",425.027,,
"IT","Italia","UNEMP","persone in cerca di occupazione 15 anni e oltre (migliaia)","9","totale","Y15-24","15-24 anni","2020M9G11","11-Set-2020","2020-Q2","T2-2020",371.569,,
"IT","Italia","UNEMP","persone in cerca di occupazione 15 anni e oltre (migliaia)","9","totale","Y15-24","15-24 anni","2020M9G11","11-Set-2020","2020-Q1","T1-2020",415.879,,
"IT","Italia","UNEMP","persone in cerca di occupazione 15 anni e oltre (migliaia)","9","totale","Y25-34","25-34 anni","2020M9G11","11-Set-2020","2019-Q1","T1-2019",746.145,,
"IT","Italia","UNEMP","persone in cerca di occupazione 15 anni e oltre (migliaia)","9","totale","Y25-34","25-34 anni","2020M9G11","11-Set-2020","2019-Q2","T2-2019",731.922,,
"IT","Italia","UNEMP","persone in cerca di occupazione 15 anni e oltre (migliaia)","9","totale","Y25-34","25-34 anni","2020M9G11","11-Set-2020","2019-Q4","T4-2019",670.253,,
"IT","Italia","UNEMP","persone in cerca di occupazione 15 anni e oltre (migliaia)","9","totale","Y25-34","25-34 anni","2020M9G11","11-Set-2020","2019-Q3","T3-2019",680.447,,
"IT","Italia","UNEMP","persone in cerca di occupazione 15 anni e oltre (migliaia)","9","totale","Y25-34","25-34 anni","2020M9G11","11-Set-2020","2020-Q2","T2-2020",566.574,,
"IT","Italia","UNEMP","persone in cerca di occupazione 15 anni e oltre (migliaia)","9","totale","Y25-34","25-34 anni","2020M9G11","11-Set-2020","2020-Q1","T1-2020",626.529,,
"IT","Italia","UNEMP","persone in cerca di occupazione 15 anni e oltre (migliaia)","9","totale","Y50-64","50-64 anni","2020M9G11","11-Set-2020","2019-Q1","T1-2019",537.428,,
"IT","Italia","UNEMP","persone in cerca di occupazione 15 anni e oltre (migliaia)","9","totale","Y50-64","50-64 anni","2020M9G11","11-Set-2020","2019-Q2","T2-2019",506.605,,
"IT","Italia","UNEMP","persone in cerca di occupazione 15 anni e oltre (migliaia)","9","totale","Y50-64","50-64 anni","2020M9G11","11-Set-2020","2019-Q4","T4-2019",500.975,,
"IT","Italia","UNEMP","persone in cerca di occupazione 15 anni e oltre (migliaia)","9","totale","Y50-64","50-64 anni","2020M9G11","11-Set-2020","2019-Q3","T3-2019",493.371,,
"IT","Italia","UNEMP","persone in cerca di occupazione 15 anni e oltre (migliaia)","9","totale","Y50-64","50-64 anni","2020M9G11","11-Set-2020","2020-Q2","T2-2020",417.61,,
"IT","Italia","UNEMP","persone in cerca di occupazione 15 anni e oltre (migliaia)","9","totale","Y50-64","50-64 anni","2020M9G11","11-Set-2020","2020-Q1","T1-2020",483.537,,
"IT","Italia","UNEMP","persone in cerca di occupazione 15 anni e oltre (migliaia)","9","totale","Y15-34","15-34 anni","2020M9G11","11-Set-2020","2019-Q1","T1-2019",1222.916,,
"IT","Italia","UNEMP","persone in cerca di occupazione 15 anni e oltre (migliaia)","9","totale","Y15-34","15-34 anni","2020M9G11","11-Set-2020","2019-Q2","T2-2019",1191.881,,
"IT","Italia","UNEMP","persone in cerca di occupazione 15 anni e oltre (migliaia)","9","totale","Y15-34","15-34 anni","2020M9G11","11-Set-2020","2019-Q4","T4-2019",1087.884,,
"IT","Italia","UNEMP","persone in cerca di occupazione 15 anni e oltre (migliaia)","9","totale","Y15-34","15-34 anni","2020M9G11","11-Set-2020","2019-Q3","T3-2019",1105.474,,
"IT","Italia","UNEMP","persone in cerca di occupazione 15 anni e oltre (migliaia)","9","totale","Y15-34","15-34 anni","2020M9G11","11-Set-2020","2020-Q2","T2-2020",938.143,,
"IT","Italia","UNEMP","persone in cerca di occupazione 15 anni e oltre (migliaia)","9","totale","Y15-34","15-34 anni","2020M9G11","11-Set-2020","2020-Q1","T1-2020",1042.408,,
"IT","Italia","UNEMP","persone in cerca di occupazione 15 anni e oltre (migliaia)","9","totale","Y15-64","15-64 anni","2020M9G11","11-Set-2020","2019-Q1","T1-2019",2684.975,,
"IT","Italia","UNEMP","persone in cerca di occupazione 15 anni e oltre (migliaia)","9","totale","Y15-64","15-64 anni","2020M9G11","11-Set-2020","2019-Q2","T2-2019",2585.581,,
"IT","Italia","UNEMP","persone in cerca di occupazione 15 anni e oltre (migliaia)","9","totale","Y15-64","15-64 anni","2020M9G11","11-Set-2020","2019-Q4","T4-2019",2438.677,,
"IT","Italia","UNEMP","persone in cerca di occupazione 15 anni e oltre (migliaia)","9","totale","Y15-64","15-64 anni","2020M9G11","11-Set-2020","2019-Q3","T3-2019",2469.362,,
"IT","Italia","UNEMP","persone in cerca di occupazione 15 anni e oltre (migliaia)","9","totale","Y15-64","15-64 anni","2020M9G11","11-Set-2020","2020-Q2","T2-2020",2048.226,,
"IT","Italia","UNEMP","persone in cerca di occupazione 15 anni e oltre (migliaia)","9","totale","Y15-64","15-64 anni","2020M9G11","11-Set-2020","2020-Q1","T1-2020",2339.321,,
"IT","Italia","UNEMP","persone in cerca di occupazione 15 anni e oltre (migliaia)","9","totale","Y_GE50","50 anni e più","2020M9G11","11-Set-2020","2019-Q1","T1-2019",551.832,,
"IT","Italia","UNEMP","persone in cerca di occupazione 15 anni e oltre (migliaia)","9","totale","Y_GE50","50 anni e più","2020M9G11","11-Set-2020","2019-Q2","T2-2019",525.083,,
"IT","Italia","UNEMP","persone in cerca di occupazione 15 anni e oltre (migliaia)","9","totale","Y_GE50","50 anni e più","2020M9G11","11-Set-2020","2019-Q4","T4-2019",516.065,,
"IT","Italia","UNEMP","persone in cerca di occupazione 15 anni e oltre (migliaia)","9","totale","Y_GE50","50 anni e più","2020M9G11","11-Set-2020","2019-Q3","T3-2019",507.045,,
"IT","Italia","UNEMP","persone in cerca di occupazione 15 anni e oltre (migliaia)","9","totale","Y_GE50","50 anni e più","2020M9G11","11-Set-2020","2020-Q2","T2-2020",426.637,,
"IT","Italia","UNEMP","persone in cerca di occupazione 15 anni e oltre (migliaia)","9","totale","Y_GE50","50 anni e più","2020M9G11","11-Set-2020","2020-Q1","T1-2020",493.334,,
"IT","Italia","UNEMP","persone in cerca di occupazione 15 anni e oltre (migliaia)","9","totale","Y35-49","35-49 anni","2020M9G11","11-Set-2020","2019-Q1","T1-2019",924.631,,
"IT","Italia","UNEMP","persone in cerca di occupazione 15 anni e oltre (migliaia)","9","totale","Y35-49","35-49 anni","2020M9G11","11-Set-2020","2019-Q2","T2-2019",887.095,,
"IT","Italia","UNEMP","persone in cerca di occupazione 15 anni e oltre (migliaia)","9","totale","Y35-49","35-49 anni","2020M9G11","11-Set-2020","2019-Q4","T4-2019",849.818,,
"IT","Italia","UNEMP","persone in cerca di occupazione 15 anni e oltre (migliaia)","9","totale","Y35-49","35-49 anni","2020M9G11","11-Set-2020","2019-Q3","T3-2019",870.516,,
"IT","Italia","UNEMP","persone in cerca di occupazione 15 anni e oltre (migliaia)","9","totale","Y35-49","35-49 anni","2020M9G11","11-Set-2020","2020-Q2","T2-2020",692.473,,
"IT","Italia","UNEMP","persone in cerca di occupazione 15 anni e oltre (migliaia)","9","totale","Y35-49","35-49 anni","2020M9G11","11-Set-2020","2020-Q1","T1-2020",813.378,,
"IT","Italia","UNEMP","persone in cerca di occupazione 15 anni e oltre (migliaia)","1","maschi","Y_GE15","15 anni e più","2020M12G11","11-Dic-2020","2019-Q1","T1-2019",1426.271,,
"IT","Italia","UNEMP","persone in cerca di occupazione 15 anni e oltre (migliaia)","1","maschi","Y_GE15","15 anni e più","2020M12G11","11-Dic-2020","2019-Q2","T2-2019",1376.31,,
"IT","Italia","UNEMP","persone in cerca di occupazione 15 anni e oltre (migliaia)","1","maschi","Y_GE15","15 anni e più","2020M12G11","11-Dic-2020","2019-Q4","T4-2019",1257.148,,
"IT","Italia","UNEMP","persone in cerca di occupazione 15 anni e oltre (migliaia)","1","maschi","Y_GE15","15 anni e più","2020M12G11","11-Dic-2020","2019-Q3","T3-2019",1291.548,,
"IT","Italia","UNEMP","persone in cerca di occupazione 15 anni e oltre (migliaia)","1","maschi","Y_GE15","15 anni e più","2020M12G11","11-Dic-2020","2020-Q2","T2-2020",1115.666,,
"IT","Italia","UNEMP","persone in cerca di occupazione 15 anni e oltre (migliaia)","1","maschi","Y_GE15","15 anni e più","2020M12G11","11-Dic-2020","2020-Q1","T1-2020",1207,,
"IT","Italia","UNEMP","persone in cerca di occupazione 15 anni e oltre (migliaia)","1","maschi","Y_GE15","15 anni e più","2020M12G11","11-Dic-2020","2020-Q3","T3-2020",1303.756,,
"IT","Italia","UNEMP","persone in cerca di occupazione 15 anni e oltre (migliaia)","2","femmine","Y_GE15","15 anni e più","2020M12G11","11-Dic-2020","2019-Q1","T1-2019",1272.414,,
"IT","Italia","UNEMP","persone in cerca di occupazione 15 anni e oltre (migliaia)","2","femmine","Y_GE15","15 anni e più","2020M12G11","11-Dic-2020","2019-Q2","T2-2019",1234.362,,
"IT","Italia","UNEMP","persone in cerca di occupazione 15 anni e oltre (migliaia)","2","femmine","Y_GE15","15 anni e più","2020M12G11","11-Dic-2020","2019-Q4","T4-2019",1189.569,,
"IT","Italia","UNEMP","persone in cerca di occupazione 15 anni e oltre (migliaia)","2","femmine","Y_GE15","15 anni e più","2020M12G11","11-Dic-2020","2019-Q3","T3-2019",1180.281,,
"IT","Italia","UNEMP","persone in cerca di occupazione 15 anni e oltre (migliaia)","2","femmine","Y_GE15","15 anni e più","2020M12G11","11-Dic-2020","2020-Q2","T2-2020",982.564,,
"IT","Italia","UNEMP","persone in cerca di occupazione 15 anni e oltre (migliaia)","2","femmine","Y_GE15","15 anni e più","2020M12G11","11-Dic-2020","2020-Q1","T1-2020",1141.817,,
"IT","Italia","UNEMP","persone in cerca di occupazione 15 anni e oltre (migliaia)","2","femmine","Y_GE15","15 anni e più","2020M12G11","11-Dic-2020","2020-Q3","T3-2020",1182.543,,
"IT","Italia","UNEMP","persone in cerca di occupazione 15 anni e oltre (migliaia)","9","totale","Y_GE15","15 anni e più","2020M12G11","11-Dic-2020","2019-Q1","T1-2019",2698.685,,
"IT","Italia","UNEMP","persone in cerca di occupazione 15 anni e oltre (migliaia)","9","totale","Y_GE15","15 anni e più","2020M12G11","11-Dic-2020","2019-Q2","T2-2019",2610.672,,
"IT","Italia","UNEMP","persone in cerca di occupazione 15 anni e oltre (migliaia)","9","totale","Y_GE15","15 anni e più","2020M12G11","11-Dic-2020","2019-Q4","T4-2019",2446.717,,
"IT","Italia","UNEMP","persone in cerca di occupazione 15 anni e oltre (migliaia)","9","totale","Y_GE15","15 anni e più","2020M12G11","11-Dic-2020","2019-Q3","T3-2019",2471.829,,
"IT","Italia","UNEMP","persone in cerca di occupazione 15 anni e oltre (migliaia)","9","totale","Y_GE15","15 anni e più","2020M12G11","11-Dic-2020","2020-Q2","T2-2020",2098.23,,
"IT","Italia","UNEMP","persone in cerca di occupazione 15 anni e oltre (migliaia)","9","totale","Y_GE15","15 anni e più","2020M12G11","11-Dic-2020","2020-Q1","T1-2020",2348.817,,
"IT","Italia","UNEMP","persone in cerca di occupazione 15 anni e oltre (migliaia)","9","totale","Y_GE15","15 anni e più","2020M12G11","11-Dic-2020","2020-Q3","T3-2020",2486.299,,
"IT","Italia","UNEMP","persone in cerca di occupazione 15 anni e oltre (migliaia)","9","totale","Y15-24","15-24 anni","2020M12G11","11-Dic-2020","2019-Q1","T1-2019",477.043,,
"IT","Italia","UNEMP","persone in cerca di occupazione 15 anni e oltre (migliaia)","9","totale","Y15-24","15-24 anni","2020M12G11","11-Dic-2020","2019-Q2","T2-2019",460.417,,
"IT","Italia","UNEMP","persone in cerca di occupazione 15 anni e oltre (migliaia)","9","totale","Y15-24","15-24 anni","2020M12G11","11-Dic-2020","2019-Q4","T4-2019",419.543,,
"IT","Italia","UNEMP","persone in cerca di occupazione 15 anni e oltre (migliaia)","9","totale","Y15-24","15-24 anni","2020M12G11","11-Dic-2020","2019-Q3","T3-2019",420.862,,
"IT","Italia","UNEMP","persone in cerca di occupazione 15 anni e oltre (migliaia)","9","totale","Y15-24","15-24 anni","2020M12G11","11-Dic-2020","2020-Q2","T2-2020",378.287,,
"IT","Italia","UNEMP","persone in cerca di occupazione 15 anni e oltre (migliaia)","9","totale","Y15-24","15-24 anni","2020M12G11","11-Dic-2020","2020-Q1","T1-2020",417.899,,
"IT","Italia","UNEMP","persone in cerca di occupazione 15 anni e oltre (migliaia)","9","totale","Y15-24","15-24 anni","2020M12G11","11-Dic-2020","2020-Q3","T3-2020",437.209,,
"IT","Italia","UNEMP","persone in cerca di occupazione 15 anni e oltre (migliaia)","9","totale","Y25-34","25-34 anni","2020M12G11","11-Dic-2020","2019-Q1","T1-2019",745.713,,
"IT","Italia","UNEMP","persone in cerca di occupazione 15 anni e oltre (migliaia)","9","totale","Y25-34","25-34 anni","2020M12G11","11-Dic-2020","2019-Q2","T2-2019",730.797,,
"IT","Italia","UNEMP","persone in cerca di occupazione 15 anni e oltre (migliaia)","9","totale","Y25-34","25-34 anni","2020M12G11","11-Dic-2020","2019-Q4","T4-2019",671.546,,
"IT","Italia","UNEMP","persone in cerca di occupazione 15 anni e oltre (migliaia)","9","totale","Y25-34","25-34 anni","2020M12G11","11-Dic-2020","2019-Q3","T3-2019",678.203,,
"IT","Italia","UNEMP","persone in cerca di occupazione 15 anni e oltre (migliaia)","9","totale","Y25-34","25-34 anni","2020M12G11","11-Dic-2020","2020-Q2","T2-2020",569.665,,
"IT","Italia","UNEMP","persone in cerca di occupazione 15 anni e oltre (migliaia)","9","totale","Y25-34","25-34 anni","2020M12G11","11-Dic-2020","2020-Q1","T1-2020",628.608,,
"IT","Italia","UNEMP","persone in cerca di occupazione 15 anni e oltre (migliaia)","9","totale","Y25-34","25-34 anni","2020M12G11","11-Dic-2020","2020-Q3","T3-2020",714.837,,
"IT","Italia","UNEMP","persone in cerca di occupazione 15 anni e oltre (migliaia)","9","totale","Y50-64","50-64 anni","2020M12G11","11-Dic-2020","2019-Q1","T1-2019",537.994,,
"IT","Italia","UNEMP","persone in cerca di occupazione 15 anni e oltre (migliaia)","9","totale","Y50-64","50-64 anni","2020M12G11","11-Dic-2020","2019-Q2","T2-2019",504.825,,
"IT","Italia","UNEMP","persone in cerca di occupazione 15 anni e oltre (migliaia)","9","totale","Y50-64","50-64 anni","2020M12G11","11-Dic-2020","2019-Q4","T4-2019",502.196,,
"IT","Italia","UNEMP","persone in cerca di occupazione 15 anni e oltre (migliaia)","9","totale","Y50-64","50-64 anni","2020M12G11","11-Dic-2020","2019-Q3","T3-2019",490.407,,
"IT","Italia","UNEMP","persone in cerca di occupazione 15 anni e oltre (migliaia)","9","totale","Y50-64","50-64 anni","2020M12G11","11-Dic-2020","2020-Q2","T2-2020",418.446,,
"IT","Italia","UNEMP","persone in cerca di occupazione 15 anni e oltre (migliaia)","9","totale","Y50-64","50-64 anni","2020M12G11","11-Dic-2020","2020-Q1","T1-2020",492.582,,
"IT","Italia","UNEMP","persone in cerca di occupazione 15 anni e oltre (migliaia)","9","totale","Y50-64","50-64 anni","2020M12G11","11-Dic-2020","2020-Q3","T3-2020",502.419,,
"IT","Italia","UNEMP","persone in cerca di occupazione 15 anni e oltre (migliaia)","9","totale","Y15-34","15-34 anni","2020M12G11","11-Dic-2020","2019-Q1","T1-2019",1222.756,,
"IT","Italia","UNEMP","persone in cerca di occupazione 15 anni e oltre (migliaia)","9","totale","Y15-34","15-34 anni","2020M12G11","11-Dic-2020","2019-Q2","T2-2019",1191.214,,
"IT","Italia","UNEMP","persone in cerca di occupazione 15 anni e oltre (migliaia)","9","totale","Y15-34","15-34 anni","2020M12G11","11-Dic-2020","2019-Q4","T4-2019",1091.089,,
"IT","Italia","UNEMP","persone in cerca di occupazione 15 anni e oltre (migliaia)","9","totale","Y15-34","15-34 anni","2020M12G11","11-Dic-2020","2019-Q3","T3-2019",1099.065,,
"IT","Italia","UNEMP","persone in cerca di occupazione 15 anni e oltre (migliaia)","9","totale","Y15-34","15-34 anni","2020M12G11","11-Dic-2020","2020-Q2","T2-2020",947.952,,
"IT","Italia","UNEMP","persone in cerca di occupazione 15 anni e oltre (migliaia)","9","totale","Y15-34","15-34 anni","2020M12G11","11-Dic-2020","2020-Q1","T1-2020",1046.507,,
"IT","Italia","UNEMP","persone in cerca di occupazione 15 anni e oltre (migliaia)","9","totale","Y15-34","15-34 anni","2020M12G11","11-Dic-2020","2020-Q3","T3-2020",1152.046,,
"IT","Italia","UNEMP","persone in cerca di occupazione 15 anni e oltre (migliaia)","9","totale","Y15-64","15-64 anni","2020M12G11","11-Dic-2020","2019-Q1","T1-2019",2684.265,,
"IT","Italia","UNEMP","persone in cerca di occupazione 15 anni e oltre (migliaia)","9","totale","Y15-64","15-64 anni","2020M12G11","11-Dic-2020","2019-Q2","T2-2019",2592.355,,
"IT","Italia","UNEMP","persone in cerca di occupazione 15 anni e oltre (migliaia)","9","totale","Y15-64","15-64 anni","2020M12G11","11-Dic-2020","2019-Q4","T4-2019",2431.509,,
"IT","Italia","UNEMP","persone in cerca di occupazione 15 anni e oltre (migliaia)","9","totale","Y15-64","15-64 anni","2020M12G11","11-Dic-2020","2019-Q3","T3-2019",2458.228,,
"IT","Italia","UNEMP","persone in cerca di occupazione 15 anni e oltre (migliaia)","9","totale","Y15-64","15-64 anni","2020M12G11","11-Dic-2020","2020-Q2","T2-2020",2089.074,,
"IT","Italia","UNEMP","persone in cerca di occupazione 15 anni e oltre (migliaia)","9","totale","Y15-64","15-64 anni","2020M12G11","11-Dic-2020","2020-Q1","T1-2020",2338.845,,
"IT","Italia","UNEMP","persone in cerca di occupazione 15 anni e oltre (migliaia)","9","totale","Y15-64","15-64 anni","2020M12G11","11-Dic-2020","2020-Q3","T3-2020",2472.806,,
"IT","Italia","UNEMP","persone in cerca di occupazione 15 anni e oltre (migliaia)","9","totale","Y_GE50","50 anni e più","2020M12G11","11-Dic-2020","2019-Q1","T1-2019",552.414,,
"IT","Italia","UNEMP","persone in cerca di occupazione 15 anni e oltre (migliaia)","9","totale","Y_GE50","50 anni e più","2020M12G11","11-Dic-2020","2019-Q2","T2-2019",523.142,,
"IT","Italia","UNEMP","persone in cerca di occupazione 15 anni e oltre (migliaia)","9","totale","Y_GE50","50 anni e più","2020M12G11","11-Dic-2020","2019-Q4","T4-2019",517.404,,
"IT","Italia","UNEMP","persone in cerca di occupazione 15 anni e oltre (migliaia)","9","totale","Y_GE50","50 anni e più","2020M12G11","11-Dic-2020","2019-Q3","T3-2019",504.007,,
"IT","Italia","UNEMP","persone in cerca di occupazione 15 anni e oltre (migliaia)","9","totale","Y_GE50","50 anni e più","2020M12G11","11-Dic-2020","2020-Q2","T2-2020",427.603,,
"IT","Italia","UNEMP","persone in cerca di occupazione 15 anni e oltre (migliaia)","9","totale","Y_GE50","50 anni e più","2020M12G11","11-Dic-2020","2020-Q1","T1-2020",502.555,,
"IT","Italia","UNEMP","persone in cerca di occupazione 15 anni e oltre (migliaia)","9","totale","Y_GE50","50 anni e più","2020M12G11","11-Dic-2020","2020-Q3","T3-2020",515.912,,
"IT","Italia","UNEMP","persone in cerca di occupazione 15 anni e oltre (migliaia)","9","totale","Y35-49","35-49 anni","2020M12G11","11-Dic-2020","2019-Q1","T1-2019",923.515,,
"IT","Italia","UNEMP","persone in cerca di occupazione 15 anni e oltre (migliaia)","9","totale","Y35-49","35-49 anni","2020M12G11","11-Dic-2020","2019-Q2","T2-2019",896.315,,
"IT","Italia","UNEMP","persone in cerca di occupazione 15 anni e oltre (migliaia)","9","totale","Y35-49","35-49 anni","2020M12G11","11-Dic-2020","2019-Q4","T4-2019",838.224,,
"IT","Italia","UNEMP","persone in cerca di occupazione 15 anni e oltre (migliaia)","9","totale","Y35-49","35-49 anni","2020M12G11","11-Dic-2020","2019-Q3","T3-2019",868.758,,
"IT","Italia","UNEMP","persone in cerca di occupazione 15 anni e oltre (migliaia)","9","totale","Y35-49","35-49 anni","2020M12G11","11-Dic-2020","2020-Q2","T2-2020",722.675,,
"IT","Italia","UNEMP","persone in cerca di occupazione 15 anni e oltre (migliaia)","9","totale","Y35-49","35-49 anni","2020M12G11","11-Dic-2020","2020-Q1","T1-2020",799.755,,
"IT","Italia","UNEMP","persone in cerca di occupazione 15 anni e oltre (migliaia)","9","totale","Y35-49","35-49 anni","2020M12G11","11-Dic-2020","2020-Q3","T3-2020",818.341,,
"IT","Italia","UNEMP","persone in cerca di occupazione 15 anni e oltre (migliaia)","1","maschi","Y_GE15","15 anni e più","2021M3G12","12-Mar-2021","2019-Q1","T1-2019",1426.483,,
"IT","Italia","UNEMP","persone in cerca di occupazione 15 anni e oltre (migliaia)","1","maschi","Y_GE15","15 anni e più","2021M3G12","12-Mar-2021","2019-Q2","T2-2019",1376.447,,
"IT","Italia","UNEMP","persone in cerca di occupazione 15 anni e oltre (migliaia)","1","maschi","Y_GE15","15 anni e più","2021M3G12","12-Mar-2021","2019-Q4","T4-2019",1262.102,,
"IT","Italia","UNEMP","persone in cerca di occupazione 15 anni e oltre (migliaia)","1","maschi","Y_GE15","15 anni e più","2021M3G12","12-Mar-2021","2019-Q3","T3-2019",1288.771,,
"IT","Italia","UNEMP","persone in cerca di occupazione 15 anni e oltre (migliaia)","1","maschi","Y_GE15","15 anni e più","2021M3G12","12-Mar-2021","2020-Q2","T2-2020",1111.263,,
"IT","Italia","UNEMP","persone in cerca di occupazione 15 anni e oltre (migliaia)","1","maschi","Y_GE15","15 anni e più","2021M3G12","12-Mar-2021","2020-Q1","T1-2020",1209.084,,
"IT","Italia","UNEMP","persone in cerca di occupazione 15 anni e oltre (migliaia)","1","maschi","Y_GE15","15 anni e più","2021M3G12","12-Mar-2021","2020-Q3","T3-2020",1288.263,,
"IT","Italia","UNEMP","persone in cerca di occupazione 15 anni e oltre (migliaia)","1","maschi","Y_GE15","15 anni e più","2021M3G12","12-Mar-2021","2020-Q4","T4-2020",1239.987,,
"IT","Italia","UNEMP","persone in cerca di occupazione 15 anni e oltre (migliaia)","2","femmine","Y_GE15","15 anni e più","2021M3G12","12-Mar-2021","2019-Q1","T1-2019",1272.114,,
"IT","Italia","UNEMP","persone in cerca di occupazione 15 anni e oltre (migliaia)","2","femmine","Y_GE15","15 anni e più","2021M3G12","12-Mar-2021","2019-Q2","T2-2019",1234.343,,
"IT","Italia","UNEMP","persone in cerca di occupazione 15 anni e oltre (migliaia)","2","femmine","Y_GE15","15 anni e più","2021M3G12","12-Mar-2021","2019-Q4","T4-2019",1201.089,,
"IT","Italia","UNEMP","persone in cerca di occupazione 15 anni e oltre (migliaia)","2","femmine","Y_GE15","15 anni e più","2021M3G12","12-Mar-2021","2019-Q3","T3-2019",1178.042,,
"IT","Italia","UNEMP","persone in cerca di occupazione 15 anni e oltre (migliaia)","2","femmine","Y_GE15","15 anni e più","2021M3G12","12-Mar-2021","2020-Q2","T2-2020",969.701,,
"IT","Italia","UNEMP","persone in cerca di occupazione 15 anni e oltre (migliaia)","2","femmine","Y_GE15","15 anni e più","2021M3G12","12-Mar-2021","2020-Q1","T1-2020",1144.274,,
"IT","Italia","UNEMP","persone in cerca di occupazione 15 anni e oltre (migliaia)","2","femmine","Y_GE15","15 anni e più","2021M3G12","12-Mar-2021","2020-Q3","T3-2020",1148.961,,
"IT","Italia","UNEMP","persone in cerca di occupazione 15 anni e oltre (migliaia)","2","femmine","Y_GE15","15 anni e più","2021M3G12","12-Mar-2021","2020-Q4","T4-2020",1074.769,,
"IT","Italia","UNEMP","persone in cerca di occupazione 15 anni e oltre (migliaia)","9","totale","Y_GE15","15 anni e più","2021M3G12","12-Mar-2021","2019-Q1","T1-2019",2698.597,,
"IT","Italia","UNEMP","persone in cerca di occupazione 15 anni e oltre (migliaia)","9","totale","Y_GE15","15 anni e più","2021M3G12","12-Mar-2021","2019-Q2","T2-2019",2610.79,,
"IT","Italia","UNEMP","persone in cerca di occupazione 15 anni e oltre (migliaia)","9","totale","Y_GE15","15 anni e più","2021M3G12","12-Mar-2021","2019-Q4","T4-2019",2463.191,,
"IT","Italia","UNEMP","persone in cerca di occupazione 15 anni e oltre (migliaia)","9","totale","Y_GE15","15 anni e più","2021M3G12","12-Mar-2021","2019-Q3","T3-2019",2466.813,,
"IT","Italia","UNEMP","persone in cerca di occupazione 15 anni e oltre (migliaia)","9","totale","Y_GE15","15 anni e più","2021M3G12","12-Mar-2021","2020-Q2","T2-2020",2080.964,,
"IT","Italia","UNEMP","persone in cerca di occupazione 15 anni e oltre (migliaia)","9","totale","Y_GE15","15 anni e più","2021M3G12","12-Mar-2021","2020-Q1","T1-2020",2353.358,,
"IT","Italia","UNEMP","persone in cerca di occupazione 15 anni e oltre (migliaia)","9","totale","Y_GE15","15 anni e più","2021M3G12","12-Mar-2021","2020-Q3","T3-2020",2437.224,,
"IT","Italia","UNEMP","persone in cerca di occupazione 15 anni e oltre (migliaia)","9","totale","Y_GE15","15 anni e più","2021M3G12","12-Mar-2021","2020-Q4","T4-2020",2314.756,,
"IT","Italia","UNEMP","persone in cerca di occupazione 15 anni e oltre (migliaia)","9","totale","Y15-24","15-24 anni","2021M3G12","12-Mar-2021","2019-Q1","T1-2019",477.035,,
"IT","Italia","UNEMP","persone in cerca di occupazione 15 anni e oltre (migliaia)","9","totale","Y15-24","15-24 anni","2021M3G12","12-Mar-2021","2019-Q2","T2-2019",460.441,,
"IT","Italia","UNEMP","persone in cerca di occupazione 15 anni e oltre (migliaia)","9","totale","Y15-24","15-24 anni","2021M3G12","12-Mar-2021","2019-Q4","T4-2019",420.934,,
"IT","Italia","UNEMP","persone in cerca di occupazione 15 anni e oltre (migliaia)","9","totale","Y15-24","15-24 anni","2021M3G12","12-Mar-2021","2019-Q3","T3-2019",420.563,,
"IT","Italia","UNEMP","persone in cerca di occupazione 15 anni e oltre (migliaia)","9","totale","Y15-24","15-24 anni","2021M3G12","12-Mar-2021","2020-Q2","T2-2020",376.87,,
"IT","Italia","UNEMP","persone in cerca di occupazione 15 anni e oltre (migliaia)","9","totale","Y15-24","15-24 anni","2021M3G12","12-Mar-2021","2020-Q1","T1-2020",419.123,,
"IT","Italia","UNEMP","persone in cerca di occupazione 15 anni e oltre (migliaia)","9","totale","Y15-24","15-24 anni","2021M3G12","12-Mar-2021","2020-Q3","T3-2020",431.325,,
"IT","Italia","UNEMP","persone in cerca di occupazione 15 anni e oltre (migliaia)","9","totale","Y15-24","15-24 anni","2021M3G12","12-Mar-2021","2020-Q4","T4-2020",409.336,,
"IT","Italia","UNEMP","persone in cerca di occupazione 15 anni e oltre (migliaia)","9","totale","Y25-34","25-34 anni","2021M3G12","12-Mar-2021","2019-Q1","T1-2019",746.3,,
"IT","Italia","UNEMP","persone in cerca di occupazione 15 anni e oltre (migliaia)","9","totale","Y25-34","25-34 anni","2021M3G12","12-Mar-2021","2019-Q2","T2-2019",730.908,,
"IT","Italia","UNEMP","persone in cerca di occupazione 15 anni e oltre (migliaia)","9","totale","Y25-34","25-34 anni","2021M3G12","12-Mar-2021","2019-Q4","T4-2019",674.587,,
"IT","Italia","UNEMP","persone in cerca di occupazione 15 anni e oltre (migliaia)","9","totale","Y25-34","25-34 anni","2021M3G12","12-Mar-2021","2019-Q3","T3-2019",676.278,,
"IT","Italia","UNEMP","persone in cerca di occupazione 15 anni e oltre (migliaia)","9","totale","Y25-34","25-34 anni","2021M3G12","12-Mar-2021","2020-Q2","T2-2020",566.81,,
"IT","Italia","UNEMP","persone in cerca di occupazione 15 anni e oltre (migliaia)","9","totale","Y25-34","25-34 anni","2021M3G12","12-Mar-2021","2020-Q1","T1-2020",629.737,,
"IT","Italia","UNEMP","persone in cerca di occupazione 15 anni e oltre (migliaia)","9","totale","Y25-34","25-34 anni","2021M3G12","12-Mar-2021","2020-Q3","T3-2020",706.055,,
"IT","Italia","UNEMP","persone in cerca di occupazione 15 anni e oltre (migliaia)","9","totale","Y25-34","25-34 anni","2021M3G12","12-Mar-2021","2020-Q4","T4-2020",654.245,,
"IT","Italia","UNEMP","persone in cerca di occupazione 15 anni e oltre (migliaia)","9","totale","Y50-64","50-64 anni","2021M3G12","12-Mar-2021","2019-Q1","T1-2019",537.702,,
"IT","Italia","UNEMP","persone in cerca di occupazione 15 anni e oltre (migliaia)","9","totale","Y50-64","50-64 anni","2021M3G12","12-Mar-2021","2019-Q2","T2-2019",504.91,,
"IT","Italia","UNEMP","persone in cerca di occupazione 15 anni e oltre (migliaia)","9","totale","Y50-64","50-64 anni","2021M3G12","12-Mar-2021","2019-Q4","T4-2019",505.288,,
"IT","Italia","UNEMP","persone in cerca di occupazione 15 anni e oltre (migliaia)","9","totale","Y50-64","50-64 anni","2021M3G12","12-Mar-2021","2019-Q3","T3-2019",490.004,,
"IT","Italia","UNEMP","persone in cerca di occupazione 15 anni e oltre (migliaia)","9","totale","Y50-64","50-64 anni","2021M3G12","12-Mar-2021","2020-Q2","T2-2020",414.76,,
"IT","Italia","UNEMP","persone in cerca di occupazione 15 anni e oltre (migliaia)","9","totale","Y50-64","50-64 anni","2021M3G12","12-Mar-2021","2020-Q1","T1-2020",493.634,,
"IT","Italia","UNEMP","persone in cerca di occupazione 15 anni e oltre (migliaia)","9","totale","Y50-64","50-64 anni","2021M3G12","12-Mar-2021","2020-Q3","T3-2020",492.185,,
"IT","Italia","UNEMP","persone in cerca di occupazione 15 anni e oltre (migliaia)","9","totale","Y50-64","50-64 anni","2021M3G12","12-Mar-2021","2020-Q4","T4-2020",482.876,,
"IT","Italia","UNEMP","persone in cerca di occupazione 15 anni e oltre (migliaia)","9","totale","Y15-34","15-34 anni","2021M3G12","12-Mar-2021","2019-Q1","T1-2019",1223.335,,
"IT","Italia","UNEMP","persone in cerca di occupazione 15 anni e oltre (migliaia)","9","totale","Y15-34","15-34 anni","2021M3G12","12-Mar-2021","2019-Q2","T2-2019",1191.349,,
"IT","Italia","UNEMP","persone in cerca di occupazione 15 anni e oltre (migliaia)","9","totale","Y15-34","15-34 anni","2021M3G12","12-Mar-2021","2019-Q4","T4-2019",1095.521,,
"IT","Italia","UNEMP","persone in cerca di occupazione 15 anni e oltre (migliaia)","9","totale","Y15-34","15-34 anni","2021M3G12","12-Mar-2021","2019-Q3","T3-2019",1096.841,,
"IT","Italia","UNEMP","persone in cerca di occupazione 15 anni e oltre (migliaia)","9","totale","Y15-34","15-34 anni","2021M3G12","12-Mar-2021","2020-Q2","T2-2020",943.68,,
"IT","Italia","UNEMP","persone in cerca di occupazione 15 anni e oltre (migliaia)","9","totale","Y15-34","15-34 anni","2021M3G12","12-Mar-2021","2020-Q1","T1-2020",1048.86,,
"IT","Italia","UNEMP","persone in cerca di occupazione 15 anni e oltre (migliaia)","9","totale","Y15-34","15-34 anni","2021M3G12","12-Mar-2021","2020-Q3","T3-2020",1137.38,,
"IT","Italia","UNEMP","persone in cerca di occupazione 15 anni e oltre (migliaia)","9","totale","Y15-34","15-34 anni","2021M3G12","12-Mar-2021","2020-Q4","T4-2020",1063.581,,
"IT","Italia","UNEMP","persone in cerca di occupazione 15 anni e oltre (migliaia)","9","totale","Y15-64","15-64 anni","2021M3G12","12-Mar-2021","2019-Q1","T1-2019",2684.184,,
"IT","Italia","UNEMP","persone in cerca di occupazione 15 anni e oltre (migliaia)","9","totale","Y15-64","15-64 anni","2021M3G12","12-Mar-2021","2019-Q2","T2-2019",2592.457,,
"IT","Italia","UNEMP","persone in cerca di occupazione 15 anni e oltre (migliaia)","9","totale","Y15-64","15-64 anni","2021M3G12","12-Mar-2021","2019-Q4","T4-2019",2447.914,,
"IT","Italia","UNEMP","persone in cerca di occupazione 15 anni e oltre (migliaia)","9","totale","Y15-64","15-64 anni","2021M3G12","12-Mar-2021","2019-Q3","T3-2019",2453.231,,
"IT","Italia","UNEMP","persone in cerca di occupazione 15 anni e oltre (migliaia)","9","totale","Y15-64","15-64 anni","2021M3G12","12-Mar-2021","2020-Q2","T2-2020",2071.84,,
"IT","Italia","UNEMP","persone in cerca di occupazione 15 anni e oltre (migliaia)","9","totale","Y15-64","15-64 anni","2021M3G12","12-Mar-2021","2020-Q1","T1-2020",2343.376,,
"IT","Italia","UNEMP","persone in cerca di occupazione 15 anni e oltre (migliaia)","9","totale","Y15-64","15-64 anni","2021M3G12","12-Mar-2021","2020-Q3","T3-2020",2424.031,,
"IT","Italia","UNEMP","persone in cerca di occupazione 15 anni e oltre (migliaia)","9","totale","Y15-64","15-64 anni","2021M3G12","12-Mar-2021","2020-Q4","T4-2020",2300.607,,
"IT","Italia","UNEMP","persone in cerca di occupazione 15 anni e oltre (migliaia)","9","totale","Y_GE50","50 anni e più","2021M3G12","12-Mar-2021","2019-Q1","T1-2019",552.115,,
"IT","Italia","UNEMP","persone in cerca di occupazione 15 anni e oltre (migliaia)","9","totale","Y_GE50","50 anni e più","2021M3G12","12-Mar-2021","2019-Q2","T2-2019",523.244,,
"IT","Italia","UNEMP","persone in cerca di occupazione 15 anni e oltre (migliaia)","9","totale","Y_GE50","50 anni e più","2021M3G12","12-Mar-2021","2019-Q4","T4-2019",520.565,,
"IT","Italia","UNEMP","persone in cerca di occupazione 15 anni e oltre (migliaia)","9","totale","Y_GE50","50 anni e più","2021M3G12","12-Mar-2021","2019-Q3","T3-2019",503.585,,
"IT","Italia","UNEMP","persone in cerca di occupazione 15 anni e oltre (migliaia)","9","totale","Y_GE50","50 anni e più","2021M3G12","12-Mar-2021","2020-Q2","T2-2020",423.883,,
"IT","Italia","UNEMP","persone in cerca di occupazione 15 anni e oltre (migliaia)","9","totale","Y_GE50","50 anni e più","2021M3G12","12-Mar-2021","2020-Q1","T1-2020",503.616,,
"IT","Italia","UNEMP","persone in cerca di occupazione 15 anni e oltre (migliaia)","9","totale","Y_GE50","50 anni e più","2021M3G12","12-Mar-2021","2020-Q3","T3-2020",505.379,,
"IT","Italia","UNEMP","persone in cerca di occupazione 15 anni e oltre (migliaia)","9","totale","Y_GE50","50 anni e più","2021M3G12","12-Mar-2021","2020-Q4","T4-2020",497.026,,
"IT","Italia","UNEMP","persone in cerca di occupazione 15 anni e oltre (migliaia)","9","totale","Y35-49","35-49 anni","2021M3G12","12-Mar-2021","2019-Q1","T1-2019",923.147,,
"IT","Italia","UNEMP","persone in cerca di occupazione 15 anni e oltre (migliaia)","9","totale","Y35-49","35-49 anni","2021M3G12","12-Mar-2021","2019-Q2","T2-2019",896.198,,
"IT","Italia","UNEMP","persone in cerca di occupazione 15 anni e oltre (migliaia)","9","totale","Y35-49","35-49 anni","2021M3G12","12-Mar-2021","2019-Q4","T4-2019",847.105,,
"IT","Italia","UNEMP","persone in cerca di occupazione 15 anni e oltre (migliaia)","9","totale","Y35-49","35-49 anni","2021M3G12","12-Mar-2021","2019-Q3","T3-2019",866.387,,
"IT","Italia","UNEMP","persone in cerca di occupazione 15 anni e oltre (migliaia)","9","totale","Y35-49","35-49 anni","2021M3G12","12-Mar-2021","2020-Q2","T2-2020",713.401,,
"IT","Italia","UNEMP","persone in cerca di occupazione 15 anni e oltre (migliaia)","9","totale","Y35-49","35-49 anni","2021M3G12","12-Mar-2021","2020-Q1","T1-2020",800.883,,
"IT","Italia","UNEMP","persone in cerca di occupazione 15 anni e oltre (migliaia)","9","totale","Y35-49","35-49 anni","2021M3G12","12-Mar-2021","2020-Q3","T3-2020",794.466,,
"IT","Italia","UNEMP","persone in cerca di occupazione 15 anni e oltre (migliaia)","9","totale","Y35-49","35-49 anni","2021M3G12","12-Mar-2021","2020-Q4","T4-2020",754.15,,
